Multum Lexicon Group,Generic drug name,Pharmacy drug name,Number of rows
ALPHA-GLUCOSIDASE INHIBITORS,ACARBOSE,ACARBOSE,125
ALPHA-GLUCOSIDASE INHIBITORS,ACARBOSE,CARBOSE,1
ALPHA-GLUCOSIDASE INHIBITORS,ACARBOSE,PRECOSE,297
ALPHA-GLUCOSIDASE INHIBITORS,MIGLITOL,GLYSET,92
ALPHA-GLUCOSIDASE INHIBITORS,MIGLITOL,GLYSET (FILM-COATED),27
AMYLIN ANALOGS,PRAMLINTIDE,SYMLIN,38
AMYLIN ANALOGS,PRAMLINTIDE,SYMLINPEN (2X2.7ML),16
AMYLIN ANALOGS,PRAMLINTIDE,SYMLINPEN 60,15
AMYLIN ANALOGS,PRAMLINTIDE,SYMLNPEN 120,44
ANTIDIABETIC COMBINATIONS,ANTIDIABETIC COMBINATIONS,ANTIDIABETIC COMBINATIONS,3326
ANTIDIABETIC COMBINATIONS,EMPAGLIFLOZIN-METFORMIN,SYNJARDY,40
ANTIDIABETIC COMBINATIONS,EMPAGLIFLOZIN-METFORMIN,SYNJARDY XR,72
ANTIDIABETIC COMBINATIONS,GLIMEPIRIDE-PIOGLITAZONE,DUETACT,115
ANTIDIABETIC COMBINATIONS,GLIMEPIRIDE-ROSIGLITAZONE,AVANDARYL,343
ANTIDIABETIC COMBINATIONS,GLIPIZIDE-METFORMIN,GLIP/METFORM,161
ANTIDIABETIC COMBINATIONS,GLIPIZIDE-METFORMIN,GLIPIZIDE METFORMIN,3
ANTIDIABETIC COMBINATIONS,GLIPIZIDE-METFORMIN,GLIPIZIDE-METFORMIN,25
ANTIDIABETIC COMBINATIONS,GLIPIZIDE-METFORMIN,GLIPIZIDE/METFORMIN,10
ANTIDIABETIC COMBINATIONS,GLIPIZIDE-METFORMIN,GLIPIZIDE/METFORMIN (FILM-COATED),9
ANTIDIABETIC COMBINATIONS,GLIPIZIDE-METFORMIN,GLIPIZIDE/METFORMIN HCL (FILM-COATED),24
ANTIDIABETIC COMBINATIONS,GLIPIZIDE-METFORMIN,METAGLIP,260
ANTIDIABETIC COMBINATIONS,GLYBURIDE-METFORMIN,GLUCOVANCE,1381
ANTIDIABETIC COMBINATIONS,GLYBURIDE-METFORMIN,GLUCOVANCE (CAPLET),671
ANTIDIABETIC COMBINATIONS,GLYBURIDE-METFORMIN,"GLUCOVANCE (CAPLET, FILM-COATED)",58
ANTIDIABETIC COMBINATIONS,GLYBURIDE-METFORMIN,"GLUCOVANCE (CAPLET,FILM-COATED)",112
ANTIDIABETIC COMBINATIONS,GLYBURIDE-METFORMIN,GLUCOVANCE (FILM-COATED CAPLET),49
ANTIDIABETIC COMBINATIONS,GLYBURIDE-METFORMIN,GLYB/METF,10
ANTIDIABETIC COMBINATIONS,GLYBURIDE-METFORMIN,GLYB/METFOR,25
ANTIDIABETIC COMBINATIONS,GLYBURIDE-METFORMIN,GLYB/METFORM,2456
ANTIDIABETIC COMBINATIONS,GLYBURIDE-METFORMIN,GLYBUR/METF,24
ANTIDIABETIC COMBINATIONS,GLYBURIDE-METFORMIN,GLYBURID-METFORMIN,9
ANTIDIABETIC COMBINATIONS,GLYBURIDE-METFORMIN,GLYBURIDE,26
ANTIDIABETIC COMBINATIONS,GLYBURIDE-METFORMIN,GLYBURIDE AND METFORMIN HYDROCHLORI (FILM-COATED),191
ANTIDIABETIC COMBINATIONS,GLYBURIDE-METFORMIN,GLYBURIDE METFORMIN,20
ANTIDIABETIC COMBINATIONS,GLYBURIDE-METFORMIN,GLYBURIDE MICRONIZED/METFORMIN HCL (FILM-COATED),372
ANTIDIABETIC COMBINATIONS,GLYBURIDE-METFORMIN,GLYBURIDE MICRONIZED/METFORMIN HYDR,6
ANTIDIABETIC COMBINATIONS,GLYBURIDE-METFORMIN,GLYBURIDE MICRONIZED/METFORMIN HYDR (FILM COATED),21
ANTIDIABETIC COMBINATIONS,GLYBURIDE-METFORMIN,GLYBURIDE MICRONIZED/METFORMIN HYDR (FILM-COATED),238
ANTIDIABETIC COMBINATIONS,GLYBURIDE-METFORMIN,GLYBURIDE- METFORMIN,5
ANTIDIABETIC COMBINATIONS,GLYBURIDE-METFORMIN,GLYBURIDE-METFORMIN,600
ANTIDIABETIC COMBINATIONS,GLYBURIDE-METFORMIN,GLYBURIDE-METFORMIN HCL,2
ANTIDIABETIC COMBINATIONS,GLYBURIDE-METFORMIN,GLYBURIDE-METFORMIN HCL (FILM-COATED),66
ANTIDIABETIC COMBINATIONS,GLYBURIDE-METFORMIN,GLYBURIDE/METFORMIN,504
ANTIDIABETIC COMBINATIONS,GLYBURIDE-METFORMIN,GLYBURIDE/METFORMIN HCL,146
ANTIDIABETIC COMBINATIONS,GLYBURIDE-METFORMIN,GLYBURIDE/METFORMIN HCL (FILM-COATED),653
ANTIDIABETIC COMBINATIONS,GLYBURIDE-METFORMIN,GLYBURIDE/METFORMIN HYDROCHLORIDE (FILM-COATED),6
ANTIDIABETIC COMBINATIONS,GLYBURIDE-METFORMIN,KETO/CYCLOB/LIDO,4
ANTIDIABETIC COMBINATIONS,LINAGLIPTIN-METFORMIN,JENTADUETO,1
ANTIDIABETIC COMBINATIONS,METFORMIN-PIOGLITAZONE,ACTOPLUS,5
ANTIDIABETIC COMBINATIONS,METFORMIN-PIOGLITAZONE,ACTOPLUS MET,805
ANTIDIABETIC COMBINATIONS,METFORMIN-PIOGLITAZONE,ACTOPLUS MET (FILM-COATED),388
ANTIDIABETIC COMBINATIONS,METFORMIN-PIOGLITAZONE,ACTOS PLUS MET,5
ANTIDIABETIC COMBINATIONS,METFORMIN-PIOGLITAZONE,PIGLITAZONE HCL/ METFORMIN HCL,3
ANTIDIABETIC COMBINATIONS,METFORMIN-PIOGLITAZONE,PIOGLIT-MEFORM,1
ANTIDIABETIC COMBINATIONS,METFORMIN-PIOGLITAZONE,PIOGLITA/MET,13
ANTIDIABETIC COMBINATIONS,METFORMIN-PIOGLITAZONE,PIOGLITAZONE HCL-METFORMIN HCL,5
ANTIDIABETIC COMBINATIONS,METFORMIN-PIOGLITAZONE,PIOGLITAZONE HCL/ METFORMIN HCL,4
ANTIDIABETIC COMBINATIONS,METFORMIN-ROSIGLITAZONE,AVANDAMET,558
ANTIDIABETIC COMBINATIONS,METFORMIN-ROSIGLITAZONE,AVANDAMET (FILM COATED),792
ANTIDIABETIC COMBINATIONS,METFORMIN-ROSIGLITAZONE,AVANDAMET (FILM-COATED),154
ANTIDIABETIC COMBINATIONS,METFORMIN-ROSIGLITAZONE,AVANDAMET 2,16
ANTIDIABETIC COMBINATIONS,METFORMIN-SAXAGLIPTIN,KOMBIGLYZE,95
ANTIDIABETIC COMBINATIONS,METFORMIN-SAXAGLIPTIN,KOMBIGLYZE XR,21
ANTIDIABETIC COMBINATIONS,METFORMIN-SITAGLIPTIN,JANUMET,3759
ANTIDIABETIC COMBINATIONS,METFORMIN-SITAGLIPTIN,JANUMET (FILM-COATED),187
ANTIDIABETIC COMBINATIONS,METFORMIN-SITAGLIPTIN,JANUMET 50-1000,8
ANTIDIABETIC COMBINATIONS,METFORMIN-SITAGLIPTIN,JANUMET 50/1000,5
ANTIDIABETIC COMBINATIONS,METFORMIN-SITAGLIPTIN,JANUMET TAB,2
ANTIDIABETIC COMBINATIONS,METFORMIN-SITAGLIPTIN,JANUMET XR,722
ANTIDIABETIC COMBINATIONS,METFORMIN-SITAGLIPTIN,METFORMIN HCL+SITAGLIPTIN PHOSPHATE ER,2
ANTIDIABETIC COMBINATIONS,METFORMIN-SITAGLIPTIN,METFORMIN/ SITAGLIPTIN,3
ANTIDIABETIC COMBINATIONS,METFORMIN-SITAGLIPTIN,METFORMIN/SITAGLIPTIN,10
ANTIDIABETIC COMBINATIONS,METFORMIN-SITAGLIPTIN,SITAGILIPTIN/METFORMI,2
ANTIDIABETIC COMBINATIONS,METFORMIN-SITAGLIPTIN,SITAGLIPTIN-METFORMIN HCL,2
ANTIDIABETIC COMBINATIONS,METFORMIN-SITAGLIPTIN,SITAGLIPTIN/METMFORMIN,3
BIGUANIDES,METFORMIN,-9,5
BIGUANIDES,METFORMIN,CITA20T,1
BIGUANIDES,METFORMIN,CLAX SOLUTION,1
BIGUANIDES,METFORMIN,CLEARLINK PRIMARY,2
BIGUANIDES,METFORMIN,ETFORMIN HCL,2
BIGUANIDES,METFORMIN,FORTAMET,253
BIGUANIDES,METFORMIN,FORTAMET (FILM-COATED),181
BIGUANIDES,METFORMIN,FORTAMET ER,4
BIGUANIDES,METFORMIN,GLUCOPHAG,3
BIGUANIDES,METFORMIN,GLUCOPHAGE,4719
BIGUANIDES,METFORMIN,GLUCOPHAGE XR,1338
BIGUANIDES,METFORMIN,GLUCOPHAGE XR (FILM-COATED),255
BIGUANIDES,METFORMIN,GLUCOPHGE XR,2
BIGUANIDES,METFORMIN,GLUMETZA,210
BIGUANIDES,METFORMIN,GLUMETZA (FILM-COATED),31
BIGUANIDES,METFORMIN,INSERT STANDART P,2
BIGUANIDES,METFORMIN,MEFORMIN,1
BIGUANIDES,METFORMIN,MERFORMIN,1
BIGUANIDES,METFORMIN,MERTFORMIN,1
BIGUANIDES,METFORMIN,METAFORMIN HCL,5
BIGUANIDES,METFORMIN,METFORM,3
BIGUANIDES,METFORMIN,METFORMIN,112672
BIGUANIDES,METFORMIN,METFORMIN  (FILM-COATED),2
BIGUANIDES,METFORMIN,METFORMIN  HCL,1
BIGUANIDES,METFORMIN,METFORMIN  HCL ER,1
BIGUANIDES,METFORMIN,METFORMIN (FILM-COATED),925
BIGUANIDES,METFORMIN,METFORMIN (GLUCOPHAGE XR),4
BIGUANIDES,METFORMIN,METFORMIN (GLUCOPHAGE),12
BIGUANIDES,METFORMIN,METFORMIN (GLUCOPHAGE-500),1
BIGUANIDES,METFORMIN,METFORMIN 1000 MG,3
BIGUANIDES,METFORMIN,METFORMIN 1000MG,29
BIGUANIDES,METFORMIN,METFORMIN 1000MG TABLETS,1
BIGUANIDES,METFORMIN,METFORMIN 100MG,2
BIGUANIDES,METFORMIN,METFORMIN 24 HR SUSTAINED RELEASE,2
BIGUANIDES,METFORMIN,METFORMIN 24HR,11
BIGUANIDES,METFORMIN,METFORMIN 24HR SA,7
BIGUANIDES,METFORMIN,METFORMIN 500 MG,83
BIGUANIDES,METFORMIN,METFORMIN 500MG TABLETS,1
BIGUANIDES,METFORMIN,METFORMIN 850MG,6
BIGUANIDES,METFORMIN,METFORMIN ECL,2
BIGUANIDES,METFORMIN,METFORMIN ER,3022
BIGUANIDES,METFORMIN,METFORMIN ER (10X10),5
BIGUANIDES,METFORMIN,METFORMIN ER 24HR,9
BIGUANIDES,METFORMIN,METFORMIN ER 500MG 24HR TABS,3
BIGUANIDES,METFORMIN,METFORMIN ER TAB,12
BIGUANIDES,METFORMIN,METFORMIN GLU,2
BIGUANIDES,METFORMIN,METFORMIN GLUCOPHAGE),3
BIGUANIDES,METFORMIN,METFORMIN H,49
BIGUANIDES,METFORMIN,METFORMIN HC,60
BIGUANIDES,METFORMIN,METFORMIN HCL,15020
BIGUANIDES,METFORMIN,METFORMIN HCL (10X10),3
BIGUANIDES,METFORMIN,METFORMIN HCL (CAPLET),44
BIGUANIDES,METFORMIN,METFORMIN HCL (FILM-COATED TAB),104
BIGUANIDES,METFORMIN,METFORMIN HCL (FILM-COATED),923
BIGUANIDES,METFORMIN,METFORMIN HCL (GLUCOPHAGE),5
BIGUANIDES,METFORMIN,METFORMIN HCL (OSM) 24HR,2
BIGUANIDES,METFORMIN,METFORMIN HCL 10%,1
BIGUANIDES,METFORMIN,METFORMIN HCL 1000MG,5
BIGUANIDES,METFORMIN,METFORMIN HCL 24 HOUR,2
BIGUANIDES,METFORMIN,METFORMIN HCL 24 HR,12
BIGUANIDES,METFORMIN,METFORMIN HCL 24 HR SA,9
BIGUANIDES,METFORMIN,METFORMIN HCL 24HR,13
BIGUANIDES,METFORMIN,METFORMIN HCL 24HR SA,28
BIGUANIDES,METFORMIN,METFORMIN HCL 500 MG,3
BIGUANIDES,METFORMIN,METFORMIN HCL 500MG 24HR SA TAB,2
BIGUANIDES,METFORMIN,METFORMIN HCL ER,184
BIGUANIDES,METFORMIN,METFORMIN HCL ER (OSM) 24HR,5
BIGUANIDES,METFORMIN,METFORMIN HCL ER 24 HR,4
BIGUANIDES,METFORMIN,METFORMIN HCL ER 24HR,43
BIGUANIDES,METFORMIN,METFORMIN HCL SA,43
BIGUANIDES,METFORMIN,METFORMIN HCL SA 24 HR TAB,1
BIGUANIDES,METFORMIN,METFORMIN HCL SR 24HR,3
BIGUANIDES,METFORMIN,METFORMIN HCL TAB,77
BIGUANIDES,METFORMIN,METFORMIN HCL TAB 1000 MG,123
BIGUANIDES,METFORMIN,METFORMIN HCL TAB 500 MG,175
BIGUANIDES,METFORMIN,METFORMIN HCL TAB 850 MG,27
BIGUANIDES,METFORMIN,METFORMIN HCL TAB ER 24HR,26
BIGUANIDES,METFORMIN,METFORMIN HCL TAB ER 24HR 500 MG,14
BIGUANIDES,METFORMIN,METFORMIN HCL TAB SR 24HR,7
BIGUANIDES,METFORMIN,METFORMIN HCL TAB SR 24HR 500 MG,6
BIGUANIDES,METFORMIN,METFORMIN HCL TAB SR 24HR 750 MG,3
BIGUANIDES,METFORMIN,METFORMIN HCL XR,1
BIGUANIDES,METFORMIN,METFORMIN HCL:,1
BIGUANIDES,METFORMIN,METFORMIN HYDROCHLORIDE,3964
BIGUANIDES,METFORMIN,"METFORMIN HYDROCHLORIDE (12X60,USP,FILM-COATED)",8
BIGUANIDES,METFORMIN,METFORMIN HYDROCHLORIDE (FILM COATED),99
BIGUANIDES,METFORMIN,METFORMIN HYDROCHLORIDE (FILM-COATED),1903
BIGUANIDES,METFORMIN,"METFORMIN HYDROCHLORIDE (USP,FILM COATED)",9
BIGUANIDES,METFORMIN,METFORMIN HYDROCHLORIDE ER,526
BIGUANIDES,METFORMIN,METFORMIN N HCL 24HR SA,7
BIGUANIDES,METFORMIN,METFORMIN SA,6
BIGUANIDES,METFORMIN,METFORMIN SR,2
BIGUANIDES,METFORMIN,METFORMIN SR 24HR,4
BIGUANIDES,METFORMIN,METFORMIN TAB,31
BIGUANIDES,METFORMIN,METFORMIN XR,96
BIGUANIDES,METFORMIN,METFORMIN XR (CAPLET),1
BIGUANIDES,METFORMIN,METFORMIN/HYDROCHLOR,13
BIGUANIDES,METFORMIN,METFORMINER,2
BIGUANIDES,METFORMIN,METFORMING HCL,3
BIGUANIDES,METFORMIN,METFORMMIN HCL (OSM) 24HR,2
BIGUANIDES,METFORMIN,METFPORMIN HCL,1
BIGUANIDES,METFORMIN,METFROMIN (GLUCOPHAGE),2
BIGUANIDES,METFORMIN,METFROMIN HCL,5
BIGUANIDES,METFORMIN,METOFORMIN,33
BIGUANIDES,METFORMIN,METRORMIN,2
BIGUANIDES,METFORMIN,MMETFORMIN,1
BIGUANIDES,METFORMIN,N/F METFORMIN HCL SA,1
BIGUANIDES,METFORMIN,NETFORMIN HCL XR,1
BIGUANIDES,METFORMIN,RIOMET,17
BIGUANIDES,METFORMIN,RIOMET (CHERRY),37
DIPEPTIDYL PEPTIDASE 4 INHIBITORS,ALOGLIPTIN,ALOGLIPTIN,97
DIPEPTIDYL PEPTIDASE 4 INHIBITORS,ALOGLIPTIN,NESINA,5
DIPEPTIDYL PEPTIDASE 4 INHIBITORS,DIPEPTIDYL PEPTIDASE 4 INHIBITORS,DIPEPTIDYL PEPTIDASE 4 INHIBITORS,460
DIPEPTIDYL PEPTIDASE 4 INHIBITORS,LINAGLIPTIN,KGC,1
DIPEPTIDYL PEPTIDASE 4 INHIBITORS,LINAGLIPTIN,LINAGLIPTIN,12
DIPEPTIDYL PEPTIDASE 4 INHIBITORS,LINAGLIPTIN,TRADJENTA,1723
DIPEPTIDYL PEPTIDASE 4 INHIBITORS,LINAGLIPTIN,TRADJENTA TAB,3
DIPEPTIDYL PEPTIDASE 4 INHIBITORS,SAXAGLIPTIN,ONGLYZA,1020
DIPEPTIDYL PEPTIDASE 4 INHIBITORS,SAXAGLIPTIN,ONGLYZA 5 MG,1
DIPEPTIDYL PEPTIDASE 4 INHIBITORS,SAXAGLIPTIN,ONGLYZA HCL,6
DIPEPTIDYL PEPTIDASE 4 INHIBITORS,SAXAGLIPTIN,SAXAGLIPTIN,7
DIPEPTIDYL PEPTIDASE 4 INHIBITORS,SAXAGLIPTIN,SAXAGLIPTIN HCL,64
DIPEPTIDYL PEPTIDASE 4 INHIBITORS,SAXAGLIPTIN,SAXAGLIPTIN HCL TAB,12
DIPEPTIDYL PEPTIDASE 4 INHIBITORS,SAXAGLIPTIN,SAXAGLIPTON HCL,2
DIPEPTIDYL PEPTIDASE 4 INHIBITORS,SITAGLIPTIN,JANUIVA,2
DIPEPTIDYL PEPTIDASE 4 INHIBITORS,SITAGLIPTIN,JANUVIA,11700
DIPEPTIDYL PEPTIDASE 4 INHIBITORS,SITAGLIPTIN,JANUVIA (FILM-COATED),551
DIPEPTIDYL PEPTIDASE 4 INHIBITORS,SITAGLIPTIN,JANUVIA 50MG,9
DIPEPTIDYL PEPTIDASE 4 INHIBITORS,SITAGLIPTIN,JANUVIA TAB,8
DIPEPTIDYL PEPTIDASE 4 INHIBITORS,SITAGLIPTIN,SITAGLIPIN PHOSPHATE,1
DIPEPTIDYL PEPTIDASE 4 INHIBITORS,SITAGLIPTIN,SITAGLIPTIN,12
DIPEPTIDYL PEPTIDASE 4 INHIBITORS,SITAGLIPTIN,SITAGLIPTIN (JANUVIA),3
DIPEPTIDYL PEPTIDASE 4 INHIBITORS,SITAGLIPTIN,SITAGLIPTIN PHOPHATE,7
DIPEPTIDYL PEPTIDASE 4 INHIBITORS,SITAGLIPTIN,SITAGLIPTIN PHOSPHATE,8
DIPEPTIDYL PEPTIDASE 4 INHIBITORS,SITAGLIPTIN,SITAGLIPTON PHOSPHATE,7
GLP-1 RECEPTOR AGONISTS,DULAGLUTIDE,DULAGLUTIDE,4
GLP-1 RECEPTOR AGONISTS,DULAGLUTIDE,DULAGLUTIDE PEN-INJECTOR,4
GLP-1 RECEPTOR AGONISTS,DULAGLUTIDE,DULAGLUTIDE SOLN PEN-INJECTOR,11
GLP-1 RECEPTOR AGONISTS,DULAGLUTIDE,TRULICITY,2745
GLP-1 RECEPTOR AGONISTS,DULAGLUTIDE,TRULICITY INJ,1
GLP-1 RECEPTOR AGONISTS,DULAGLUTIDE,TRULICITY INJ 1.5/0.5,4
GLP-1 RECEPTOR AGONISTS,EXENATIDE,BYDUREON,186
GLP-1 RECEPTOR AGONISTS,EXENATIDE,BYDUREON BC,82
GLP-1 RECEPTOR AGONISTS,EXENATIDE,BYDUREON PEN,244
GLP-1 RECEPTOR AGONISTS,EXENATIDE,BYETTA,673
GLP-1 RECEPTOR AGONISTS,EXENATIDE,BYETTA (10MCG PER DOSEX60 DOSE),144
GLP-1 RECEPTOR AGONISTS,EXENATIDE,BYETTA (5MCG PER DOSEX60 DOSE),56
GLP-1 RECEPTOR AGONISTS,EXENATIDE,BYETTA PREFILLED PEN,162
GLP-1 RECEPTOR AGONISTS,EXENATIDE,EXENATIDE MICROSPHERES,10
GLP-1 RECEPTOR AGONISTS,EXENATIDE,EXENATIDE MIROSPHERES,2
GLP-1 RECEPTOR AGONISTS,GLP-1 RECEPTOR AGONISTS,GLP-1 RECEPTOR AGONISTS,128
GLP-1 RECEPTOR AGONISTS,INCRETIN MIMETICS,INCRETIN MIMETICS,79
GLP-1 RECEPTOR AGONISTS,LIRAGLUTIDE,LIRAGLUTIDE,8
GLP-1 RECEPTOR AGONISTS,LIRAGLUTIDE,LIRAGLUTIDE/PLACEBO (VICTOZA),1
GLP-1 RECEPTOR AGONISTS,LIRAGLUTIDE,SAXENDA,106
GLP-1 RECEPTOR AGONISTS,LIRAGLUTIDE,VICTOZA,3413
GLP-1 RECEPTOR AGONISTS,LIRAGLUTIDE,VICTOZA 18MG/3ML INJ,9
GLP-1 RECEPTOR AGONISTS,LIRAGLUTIDE,VICTOZA INJ,3
GLP-1 RECEPTOR AGONISTS,SEMAGLUTIDE,OZEMPIC,1343
GLP-1 RECEPTOR AGONISTS,SEMAGLUTIDE,RYBELSUS,99
GLP-1 RECEPTOR AGONISTS,SEMAGLUTIDE,SEMAGLUTIDE,1
GLP-1 RECEPTOR AGONISTS,SEMAGLUTIDE,WEGOVY,20
INSULIN,INSULIN,INSULIN,1735
INSULIN,INSULIN ASPART,ASPART (NOVO FLEXPEN),1
INSULIN,INSULIN ASPART,ASPART INSULIN,6
INSULIN,INSULIN ASPART,ASPART INSULIN (NOVOLOG),5
INSULIN,INSULIN ASPART,ASPART NOVOL,4
INSULIN,INSULIN ASPART,"ASPART,HUMAN, ISULIN",7
INSULIN,INSULIN ASPART,ASPART/NOVO FLEXPEN,2
INSULIN,INSULIN ASPART,FIASP,6
INSULIN,INSULIN ASPART,FIASP FLEX,22
INSULIN,INSULIN ASPART,FLEXPEN,2
INSULIN,INSULIN ASPART,INSULIN,11
INSULIN,INSULIN ASPART,INSULIN ASP (NOVOLOG FLEXPEN),1
INSULIN,INSULIN ASPART,INSULIN ASPA,261
INSULIN,INSULIN ASPART,INSULIN ASPART,485
INSULIN,INSULIN ASPART,INSULIN ASPART 100U/ML,3
INSULIN,INSULIN ASPART,INSULIN ASPART 100UN/ML NOVO FLEXPEN 3 ML,1
INSULIN,INSULIN ASPART,INSULIN ASPART FLEXPEN,11
INSULIN,INSULIN ASPART,INSULIN ASPART FLEXPEN 100,10
INSULIN,INSULIN ASPART,INSULIN ASPART FLEXPEN-INJECTOR,4
INSULIN,INSULIN ASPART,INSULIN ASPART HUMAN,11
INSULIN,INSULIN ASPART,INSULIN ASPART HUMAN 100 UNIT/ML,3
INSULIN,INSULIN ASPART,INSULIN ASPART HUMAN 100 UNIT/ML INJ,6
INSULIN,INSULIN ASPART,INSULIN ASPART NOVO FLEXPEN,17
INSULIN,INSULIN ASPART,INSULIN ASPART NOVOLG FLEXPEN,4
INSULIN,INSULIN ASPART,INSULIN ASPART NOVOLOG,5
INSULIN,INSULIN ASPART,INSULIN ASPART PEN,3
INSULIN,INSULIN ASPART,INSULIN ASPART SOLN PEN-INJECTOR 100 UNIT,2
INSULIN,INSULIN ASPART,INSULIN ASPART U-100,2
INSULIN,INSULIN ASPART,"INSULIN ASPART, HUMAN",6
INSULIN,INSULIN ASPART,"INSULIN, ASPART",156
INSULIN,INSULIN ASPART,"INSULIN, ASPART ( NOVO FLEXPEN 3 ML )",6
INSULIN,INSULIN ASPART,"INSULIN, ASPART (NOVO FLEXPEN)",2
INSULIN,INSULIN ASPART,"INSULIN, ASPART 100UN/ML NOVO FLEXPEN",5
INSULIN,INSULIN ASPART,"INSULIN, ASPART 100UN/ML NOVO FLEXPEN 3ML",7
INSULIN,INSULIN ASPART,"INSULIN, ASPART NOVO",3
INSULIN,INSULIN ASPART,"INSULIN, ASPART NOVO FLEXPEN",6
INSULIN,INSULIN ASPART,"INSULIN, ASPART, HUMAN",46
INSULIN,INSULIN ASPART,"INSULIN,ASPART,HUMAN",33
INSULIN,INSULIN ASPART,INSULIN/ASPART/HUMAN,29
INSULIN,INSULIN ASPART,NOVO FLEXPEN,48
INSULIN,INSULIN ASPART,NOVO FLEXPEN INSULIN,3
INSULIN,INSULIN ASPART,NOVOLIN INJ FLEXPEN,4
INSULIN,INSULIN ASPART,NOVOLIN N,1
INSULIN,INSULIN ASPART,NOVOLOG,10171
INSULIN,INSULIN ASPART,NOVOLOG (PENFILL CARTRIDGE),62
INSULIN,INSULIN ASPART,NOVOLOG (VIAL),569
INSULIN,INSULIN ASPART,NOVOLOG 100 U/ML VIAL,7
INSULIN,INSULIN ASPART,NOVOLOG EQ U-100 SUBQ PEN,1
INSULIN,INSULIN ASPART,NOVOLOG FLEX,7
INSULIN,INSULIN ASPART,NOVOLOG FLEXPEN,441
INSULIN,INSULIN ASPART,NOVOLOG FLEXPEN (PREFILLED SYRINGE),314
INSULIN,INSULIN ASPART,NOVOLOG FLEXPEN INSULIN ASPART,2
INSULIN,INSULIN ASPART,NOVOLOG FLEXPEN SOPN,1
INSULIN,INSULIN ASPART,NOVOLOG HUMAN,5
INSULIN,INSULIN ASPART,NOVOLOG INJ,3
INSULIN,INSULIN ASPART,NOVOLOG INJ FLEXPEN,8
INSULIN,INSULIN ASPART,NOVOLOG INSULIN,55
INSULIN,INSULIN ASPART,NOVOLOG MIX FLEXPEN,1
INSULIN,INSULIN ASPART,NOVOLOG PEN,11
INSULIN,INSULIN ASPART,NOVOLOG PENFILL,59
INSULIN,INSULIN ASPART,NOVOLOG PENFILL 3ML,7
INSULIN,INSULIN ASPART,NOVOLOG PENFILL 3ML CARTRIDGES,1
INSULIN,INSULIN ASPART,NOVOLOG PENFILL INJEC,1
INSULIN,INSULIN ASPART,NOVOLOG U-100,9
INSULIN,INSULIN ASPART,NOVOLOG U-100 INSULIN,14
INSULIN,INSULIN ASPART-INSULIN ASPART PROTAMINE,70/30 NOVOLOG,2
INSULIN,INSULIN ASPART-INSULIN ASPART PROTAMINE,INS ASP PROT,2
INSULIN,INSULIN ASPART-INSULIN ASPART PROTAMINE,INSULIN ASPA,8
INSULIN,INSULIN ASPART-INSULIN ASPART PROTAMINE,INSULIN ASPART 70/30,8
INSULIN,INSULIN ASPART-INSULIN ASPART PROTAMINE,NOVOLOG,8
INSULIN,INSULIN ASPART-INSULIN ASPART PROTAMINE,NOVOLOG 70/30,10
INSULIN,INSULIN ASPART-INSULIN ASPART PROTAMINE,NOVOLOG 70/30 MIX FLEXPEN,11
INSULIN,INSULIN ASPART-INSULIN ASPART PROTAMINE,NOVOLOG FLEXPEN,19
INSULIN,INSULIN ASPART-INSULIN ASPART PROTAMINE,NOVOLOG FLEXPEN 70/30 5X3ML,6
INSULIN,INSULIN ASPART-INSULIN ASPART PROTAMINE,NOVOLOG INSULIN,13
INSULIN,INSULIN ASPART-INSULIN ASPART PROTAMINE,NOVOLOG MIX,1850
INSULIN,INSULIN ASPART-INSULIN ASPART PROTAMINE,NOVOLOG MIX 70/30,306
INSULIN,INSULIN ASPART-INSULIN ASPART PROTAMINE,"NOVOLOG MIX 70/30 (FLEXPEN,SRN PREFILLED)",195
INSULIN,INSULIN ASPART-INSULIN ASPART PROTAMINE,NOVOLOG MIX 70/30 (PENFILL CARTRIDGE),9
INSULIN,INSULIN ASPART-INSULIN ASPART PROTAMINE,NOVOLOG MIX 70/30 (VIAL),230
INSULIN,INSULIN ASPART-INSULIN ASPART PROTAMINE,NOVOLOG MIX 70/30 FLEXPEN,42
INSULIN,INSULIN ASPART-INSULIN ASPART PROTAMINE,NOVOLOG MIX 70/30 FLEXPEN SYRINGE,4
INSULIN,INSULIN ASPART-INSULIN ASPART PROTAMINE,NOVOLOG MIX FPEN,4
INSULIN,INSULIN ASPART-INSULIN ASPART PROTAMINE,NOVOLOG MIX INJ FLEXPEN,4
INSULIN,INSULIN DEGLUDEC,TRESIBA,139
INSULIN,INSULIN DEGLUDEC,TRESIBA FLEX,1590
INSULIN,INSULIN DEGLUDEC,TRESIBA FLEX 200UNIT,1
INSULIN,INSULIN DEGLUDEC,TRESIBA FLEX INJ 100UNIT,2
INSULIN,INSULIN DEGLUDEC,TRESIBA FLEXTOU,5
INSULIN,INSULIN DEGLUDEC,TRESIBA FLEXTOUCH,22
INSULIN,INSULIN DETEMIR,DETEMIR,3
INSULIN,INSULIN DETEMIR,DETEMIR 100 UNIT/ ML FLEXTOUCH,2
INSULIN,INSULIN DETEMIR,DETEMIR 100 UNIT/ML FLEXTOUCH,7
INSULIN,INSULIN DETEMIR,"DETEMIR, HUMAN, INSULIN",1
INSULIN,INSULIN DETEMIR,"DETEMIR,HUMAN, INSULIN",4
INSULIN,INSULIN DETEMIR,DETEMIR/FLEXTOUCH,2
INSULIN,INSULIN DETEMIR,FLEXTOUCH,6
INSULIN,INSULIN DETEMIR,INSULIN DETEMIR,7
INSULIN,INSULIN DETEMIR,INSULIN DETEMIR 100 UNITS/ML,12
INSULIN,INSULIN DETEMIR,INSULIN DETEMIR 100UNIT/ML FLEXPIN 3 ML,1
INSULIN,INSULIN DETEMIR,INSULIN DETEMIR FLEXPEN,1
INSULIN,INSULIN DETEMIR,INSULIN DETEMIR FLEXTOUCH,10
INSULIN,INSULIN DETEMIR,INSULIN DETEMIR HUMAN,39
INSULIN,INSULIN DETEMIR,INSULIN DETEMIR HUMAN 100 UNIT/ML INJ,10
INSULIN,INSULIN DETEMIR,INSULIN DETEMIR INJ 100,12
INSULIN,INSULIN DETEMIR,INSULIN DETEMIR SOLN PEN-INJECTOR,8
INSULIN,INSULIN DETEMIR,INSULIN DETEMIR SOLN PEN-INJECTOR FLEXTOUCH,5
INSULIN,INSULIN DETEMIR,INSULIN DETEMIR U-100,1
INSULIN,INSULIN DETEMIR,"INSULIN, DETEMIR",5
INSULIN,INSULIN DETEMIR,"INSULIN, DETEMIR FLEXTOUCH",7
INSULIN,INSULIN DETEMIR,"INSULIN, DETEMIR, HUMAN",8
INSULIN,INSULIN DETEMIR,"INSULIN, DETERMIR, HUMAN",1
INSULIN,INSULIN DETEMIR,"INSULIN,DETEMIR,HUMAN",4
INSULIN,INSULIN DETEMIR,INSULIN/DETEMIR/HUMAN,14
INSULIN,INSULIN DETEMIR,LEVEMIR,6677
INSULIN,INSULIN DETEMIR,"LEVEMIR (5X3ML,FLEXPEN)",141
INSULIN,INSULIN DETEMIR,LEVEMIR 100 UN/ML FLEXPEN PEN,6
INSULIN,INSULIN DETEMIR,LEVEMIR FLEXPEN,260
INSULIN,INSULIN DETEMIR,LEVEMIR FLEXPEN PA,2
INSULIN,INSULIN DETEMIR,LEVEMIR FLEXTOUC,7
INSULIN,INSULIN DETEMIR,LEVEMIR FLEXTOUCH,24
INSULIN,INSULIN DETEMIR,LEVEMIR FLEXTOUCH PEN,5
INSULIN,INSULIN DETEMIR,LEVEMIR INJ FLEXPEN,5
INSULIN,INSULIN DETEMIR,LEVEMIR INJ FLEXTOUC,2
INSULIN,INSULIN DETEMIR,LEVEMIR PLEXPEN,5
INSULIN,INSULIN DETEMIR,LEVEMIS,1
INSULIN,INSULIN DETEMIR,LEVIMIR,2
INSULIN,INSULIN DETEMIR,LEVMIR,5
INSULIN,INSULIN GLARGINE,BASAGLAR,2058
INSULIN,INSULIN GLARGINE,BASAGLAR 100UNIT,2
INSULIN,INSULIN GLARGINE,BASAGLAR INJ KWIKPEN,10
INSULIN,INSULIN GLARGINE,BASAGLAR INJ KWIKPEN 100UNIT,3
INSULIN,INSULIN GLARGINE,BASAGLAR KWIKPEN,7
INSULIN,INSULIN GLARGINE,GLARGINE,31
INSULIN,INSULIN GLARGINE,GLARGINE HUMAN INSULIN,6
INSULIN,INSULIN GLARGINE,GLARGINE INSULIN HUMAN,6
INSULIN,INSULIN GLARGINE,GLARGINE SOLASTAR,5
INSULIN,INSULIN GLARGINE,GLARGINE SOLOSTAR,18
INSULIN,INSULIN GLARGINE,"GLARGINE,HUMAN",2
INSULIN,INSULIN GLARGINE,INS - LANTUS,12
INSULIN,INSULIN GLARGINE,INS LANTUS,1
INSULIN,INSULIN GLARGINE,INS LANTUS SOLOSTAR,1
INSULIN,INSULIN GLARGINE,"INSLULIN GLARGINE, HUMAN",5
INSULIN,INSULIN GLARGINE,INSULIN (GLARGINE) HUM,2
INSULIN,INSULIN GLARGINE,INSULIN GL (SOLOSTAR LANTUS),1
INSULIN,INSULIN GLARGINE,INSULIN GLAGINE HUMAN,2
INSULIN,INSULIN GLARGINE,INSULIN GLARGIN,17
INSULIN,INSULIN GLARGINE,INSULIN GLARGINE,1147
INSULIN,INSULIN GLARGINE,INSULIN GLARGINE (LANTUS),2
INSULIN,INSULIN GLARGINE,INSULIN GLARGINE (SOLOSTAR),1
INSULIN,INSULIN GLARGINE,INSULIN GLARGINE 3 ML SOLOSTAR,1
INSULIN,INSULIN GLARGINE,INSULIN GLARGINE HUMAN,132
INSULIN,INSULIN GLARGINE,INSULIN GLARGINE HUMAN RECOMBIANT ANALOG 100U/ML,2
INSULIN,INSULIN GLARGINE,INSULIN GLARGINE INJ 100 UNIT,7
INSULIN,INSULIN GLARGINE,INSULIN GLARGINE PEN,7
INSULIN,INSULIN GLARGINE,INSULIN GLARGINE SOLASTAR,5
INSULIN,INSULIN GLARGINE,INSULIN GLARGINE SOLN PEN-INJECTOR,4
INSULIN,INSULIN GLARGINE,INSULIN GLARGINE SOLN PEN-INJECTOR 100 UNIT,9
INSULIN,INSULIN GLARGINE,INSULIN GLARGINE SOLOSAR PEN,1
INSULIN,INSULIN GLARGINE,INSULIN GLARGINE SOLOSTAR,6
INSULIN,INSULIN GLARGINE,INSULIN GLARGINE SOLOSTAR PEN,8
INSULIN,INSULIN GLARGINE,INSULIN GLARGINE U-100,52
INSULIN,INSULIN GLARGINE,"INSULIN GLARGINE, HUM.REC.ANLOG",6
INSULIN,INSULIN GLARGINE,"INSULIN GLARGINE, HUMAN",4
INSULIN,INSULIN GLARGINE,"INSULIN GLARGINE, HUMAN RECOMBINANT ANALOG",5
INSULIN,INSULIN GLARGINE,INSULIN GLARGINE/SOLOSTAR,3
INSULIN,INSULIN GLARGINE,INSULIN HUMAN GLARGINE,6
INSULIN,INSULIN GLARGINE,"INSULIN, GLARGINE",14
INSULIN,INSULIN GLARGINE,"INSULIN, GLARGINE (LANTUS)",18
INSULIN,INSULIN GLARGINE,"INSULIN, GLARGINE (SOLOSTAR)",2
INSULIN,INSULIN GLARGINE,"INSULIN, GLARGINE HUMAN",3
INSULIN,INSULIN GLARGINE,"INSULIN, GLARGINE SOLOSTAR",4
INSULIN,INSULIN GLARGINE,"INSULIN, GLARGINE, HUMAN",102
INSULIN,INSULIN GLARGINE,"INSULIN, GLARGINE, HUMAN 100 UNIT/ML INJ",6
INSULIN,INSULIN GLARGINE,"INSULIN, GLARGINE, HUMAN 100UNIT/ML",4
INSULIN,INSULIN GLARGINE,"INSULIN, GLARGINE, SOLOSTAR",11
INSULIN,INSULIN GLARGINE,"INSULIN, GLARGINE,HUMAN",1
INSULIN,INSULIN GLARGINE,"INSULIN,GLARGINE, HUMAN",2
INSULIN,INSULIN GLARGINE,"INSULIN,GLARGINE,HUMAN",61
INSULIN,INSULIN GLARGINE,LAMTUS,2
INSULIN,INSULIN GLARGINE,LANTIS,24
INSULIN,INSULIN GLARGINE,LANTUS,24621
INSULIN,INSULIN GLARGINE,LANTUS (GLARGINE) INSULIN,29
INSULIN,INSULIN GLARGINE,LANTUS (GLARGINE) VI,1
INSULIN,INSULIN GLARGINE,"LANTUS (U-100,5X3ML)",306
INSULIN,INSULIN GLARGINE,LANTUS (VIAL),11
INSULIN,INSULIN GLARGINE,LANTUS 5'S SOLOSTAR,4
INSULIN,INSULIN GLARGINE,LANTUS CART,13
INSULIN,INSULIN GLARGINE,LANTUS CARTRIDGE,1
INSULIN,INSULIN GLARGINE,LANTUS EQ PEN,3
INSULIN,INSULIN GLARGINE,LANTUS FOR,37
INSULIN,INSULIN GLARGINE,LANTUS INJ,11
INSULIN,INSULIN GLARGINE,LANTUS INJ 100U,10
INSULIN,INSULIN GLARGINE,LANTUS INJ SOLOSTAR,38
INSULIN,INSULIN GLARGINE,LANTUS INS,10
INSULIN,INSULIN GLARGINE,LANTUS INSULIN,156
INSULIN,INSULIN GLARGINE,LANTUS INSULIN GLARGINE,174
INSULIN,INSULIN GLARGINE,LANTUS INSULIN VIA,2
INSULIN,INSULIN GLARGINE,LANTUS INSULIN VIAL,12
INSULIN,INSULIN GLARGINE,LANTUS OPTICLIK,18
INSULIN,INSULIN GLARGINE,LANTUS OPTICLIK CARTRIDGE,31
INSULIN,INSULIN GLARGINE,LANTUS SOLO,8
INSULIN,INSULIN GLARGINE,LANTUS SOLOS,2313
INSULIN,INSULIN GLARGINE,LANTUS SOLOSTAR,685
INSULIN,INSULIN GLARGINE,LANTUS SOLOSTAR DON,3
INSULIN,INSULIN GLARGINE,LANTUS SOLOSTAR INJ,7
INSULIN,INSULIN GLARGINE,LANTUS SOLOSTAR INSULIN,2
INSULIN,INSULIN GLARGINE,LANTUS SOLOSTAR PEN,238
INSULIN,INSULIN GLARGINE,LANTUS SOLOSTAR PEN INJ 5X3 ML,7
INSULIN,INSULIN GLARGINE,LANTUS SOLOSTAR PEN INJ 5X3ML,9
INSULIN,INSULIN GLARGINE,LANTUS SOLOSTAT,2
INSULIN,INSULIN GLARGINE,LANTUS SOLSTAR,1
INSULIN,INSULIN GLARGINE,LANTUS SOLSTAR DON,1
INSULIN,INSULIN GLARGINE,LANTUS SUBCUTANE (INSULIN),5
INSULIN,INSULIN GLARGINE,LANTUS U-100 INSULIN,8
INSULIN,INSULIN GLARGINE,LANTUS U-1000 INSULIN,2
INSULIN,INSULIN GLARGINE,LANTUS VIAL,396
INSULIN,INSULIN GLARGINE,LANTUS/INSULIN,12
INSULIN,INSULIN GLARGINE,SEMGLEE,10
INSULIN,INSULIN GLARGINE,SEMGLEE SOL,2
INSULIN,INSULIN GLARGINE,SOLOSTA,1
INSULIN,INSULIN GLARGINE,SOLOSTA GLARGINE,6
INSULIN,INSULIN GLARGINE,SOLOSTAR,85
INSULIN,INSULIN GLARGINE,TOUJEO MAX,88
INSULIN,INSULIN GLARGINE,TOUJEO MAX SOLOSTAR,5
INSULIN,INSULIN GLARGINE,TOUJEO SOLO,1332
INSULIN,INSULIN GLARGINE,TOUJEO SOLO INJ,2
INSULIN,INSULIN GLARGINE,TOUJEO SOLO INJ 300IU,4
INSULIN,INSULIN GLARGINE,TOUJEO SOLO INJ2,1
INSULIN,INSULIN GLARGINE,TOUJEO SOLOSTAR,3
INSULIN,INSULIN GLULISINE,APIDRA,218
INSULIN,INSULIN GLULISINE,"APIDRA (5X3ML,OPTICLIK PEN)",13
INSULIN,"INSULIN INHALATION, RAPID ACTING","EXUBERA COMBINATION PACK 12 (1MG&3MG,2RELEASEUNIT)",2
INSULIN,"INSULIN INHALATION, RAPID ACTING","EXUBERA COMBINATION PACK 15 (1MG&3MG,2RELEASE UNIT",12
INSULIN,INSULIN ISOPHANE,HUMULIN,37
INSULIN,INSULIN ISOPHANE,HUMULIN N,3859
INSULIN,INSULIN ISOPHANE,HUMULIN N (VIAL),1479
INSULIN,INSULIN ISOPHANE,HUMULIN N P,7
INSULIN,INSULIN ISOPHANE,HUMULIN N PEN,41
INSULIN,INSULIN ISOPHANE,HUMULIN N PEN (PREFILLED DISPOSABLE),34
INSULIN,INSULIN ISOPHANE,HUMULIN N PEN U,13
INSULIN,INSULIN ISOPHANE,HUMULIN N PN,172
INSULIN,INSULIN ISOPHANE,HUMULIN N PN U-100,13
INSULIN,INSULIN ISOPHANE,HUMULIN N U-100,17
INSULIN,INSULIN ISOPHANE,HUMULIN N U100,8
INSULIN,INSULIN ISOPHANE,HUMULIN N VIAL,15
INSULIN,INSULIN ISOPHANE,HUMULIN N VIAL U,77
INSULIN,INSULIN ISOPHANE,HUMULIN NPH,1
INSULIN,INSULIN ISOPHANE,HUMULIN NPH U-100,14
INSULIN,INSULIN ISOPHANE,ILETIN NPH,5
INSULIN,INSULIN ISOPHANE,INSULIN,6178
INSULIN,INSULIN ISOPHANE,INSULIN (NOVOLIN) NPH,3
INSULIN,INSULIN ISOPHANE,INSULIN ASPART,1
INSULIN,INSULIN ISOPHANE,INSULIN DETEMIR,5
INSULIN,INSULIN ISOPHANE,INSULIN GLARGINE,1
INSULIN,INSULIN ISOPHANE,INSULIN GLARGINE (LANTUS),3
INSULIN,INSULIN ISOPHANE,INSULIN HUMAN NPH,17
INSULIN,INSULIN ISOPHANE,INSULIN HUMAN NPH U-100,37
INSULIN,INSULIN ISOPHANE,INSULIN HUMAN REGULAR,15
INSULIN,INSULIN ISOPHANE,INSULIN HUMAN SEMIS,5
INSULIN,INSULIN ISOPHANE,INSULIN NOVOLIN,46
INSULIN,INSULIN ISOPHANE,INSULIN NOVOLIN NPH,12
INSULIN,INSULIN ISOPHANE,INSULIN NPH,278
INSULIN,INSULIN ISOPHANE,INSULIN NPH (HUMAN),12
INSULIN,INSULIN ISOPHANE,INSULIN NPH HUMAN,365
INSULIN,INSULIN ISOPHANE,INSULIN NPH HUMAN INNOLET,6
INSULIN,INSULIN ISOPHANE,INSULIN NPH HUMAN N,75
INSULIN,INSULIN ISOPHANE,INSULIN NPH HUMAN NOVOLIN,20
INSULIN,INSULIN ISOPHANE,INSULIN NPH HUMAN NOVOLIN N,42
INSULIN,INSULIN ISOPHANE,INSULIN NPH HUMAN/NOVOLIN,9
INSULIN,INSULIN ISOPHANE,INSULIN NPH HUMAN/NOVOLIN N,7
INSULIN,INSULIN ISOPHANE,INSULIN NPH INJ,8
INSULIN,INSULIN ISOPHANE,INSULIN NPH INJ-T U-100,9
INSULIN,INSULIN ISOPHANE,INSULIN NPH U-100,61
INSULIN,INSULIN ISOPHANE,INSULIN NPH U-100 (HUMAN),14
INSULIN,INSULIN ISOPHANE,INSULIN NPH-REG HUMAN,6
INSULIN,INSULIN ISOPHANE,INSULIN REG HUMAN,88
INSULIN,INSULIN ISOPHANE,"INSULIN, NOVOLIN N",4
INSULIN,INSULIN ISOPHANE,"INSULIN,DETEMIR",1
INSULIN,INSULIN ISOPHANE,LANTUS,2
INSULIN,INSULIN ISOPHANE,NOLOLIN INSULIN NPH,4
INSULIN,INSULIN ISOPHANE,NOVALOG,1
INSULIN,INSULIN ISOPHANE,NOVOLIN,104
INSULIN,INSULIN ISOPHANE,NOVOLIN INSULIN NPH,19
INSULIN,INSULIN ISOPHANE,NOVOLIN N,4227
INSULIN,INSULIN ISOPHANE,NOVOLIN N (VIAL),810
INSULIN,INSULIN ISOPHANE,NOVOLIN N 100 UNITS/ML,14
INSULIN,INSULIN ISOPHANE,NOVOLIN N 100U/ML VIAL,16
INSULIN,INSULIN ISOPHANE,"NOVOLIN N INNOLET (SRN, PREFILLED)",52
INSULIN,INSULIN ISOPHANE,NOVOLIN N INSULIN,31
INSULIN,INSULIN ISOPHANE,NOVOLIN N INSULIN INJ,1
INSULIN,INSULIN ISOPHANE,NOVOLIN N PENFILL (SRN),49
INSULIN,INSULIN ISOPHANE,NOVOLIN N U-100,28
INSULIN,INSULIN ISOPHANE,NOVOLIN NPH,13
INSULIN,INSULIN ISOPHANE,NPH (HUMAN) INSULIN,16
INSULIN,INSULIN ISOPHANE,NPH (HUMAN) U-100 INSULIN,33
INSULIN,INSULIN ISOPHANE,NPH INSULIN,7
INSULIN,INSULIN ISOPHANE,RELION HUMULIN N U,637
INSULIN,INSULIN ISOPHANE,RELION/NOVO N,349
INSULIN,INSULIN ISOPHANE,RELION/NOVO R,10
INSULIN,INSULIN ISOPHANE,RELION/NOVOLIN N (VIAL),19
INSULIN,INSULIN ISOPHANE (NPH),HUMILIN,1
INSULIN,INSULIN ISOPHANE (NPH),HUMULIN,3
INSULIN,INSULIN ISOPHANE (NPH),HUMULIN N,4819
INSULIN,INSULIN ISOPHANE (NPH),HUMULIN N KWIKPEN,9
INSULIN,INSULIN ISOPHANE (NPH),HUMULIN N PN,34
INSULIN,INSULIN ISOPHANE (NPH),HUMULIN-N KWIKPEN,3
INSULIN,INSULIN ISOPHANE (NPH),INS NOVOLIN N U-100,7
INSULIN,INSULIN ISOPHANE (NPH),INSULIN DETEMIR 100UNIT/ML FLEXPIN 3 ML,1
INSULIN,INSULIN ISOPHANE (NPH),INSULIN DETEMIT 100UNITS/ML,2
INSULIN,INSULIN ISOPHANE (NPH),INSULIN NOVOLIN,49
INSULIN,INSULIN ISOPHANE (NPH),INSULIN NPH (HUMAN),1
INSULIN,INSULIN ISOPHANE (NPH),INSULIN NPH HUMAN,9
INSULIN,INSULIN ISOPHANE (NPH),INSULIN NPH HUMAN NOVOLIN N,90
INSULIN,INSULIN ISOPHANE (NPH),"INSULIN, ASPART 100 UNIT/ML NOVO FLEXPEN 3ML",1
INSULIN,INSULIN ISOPHANE (NPH),"INSULIN, ASPART NOVO FLEXPEN",4
INSULIN,INSULIN ISOPHANE (NPH),"INSULIN, DETEMIR, HUMAN",5
INSULIN,INSULIN ISOPHANE (NPH),"INSULIN, GLARGINE, HUMAN",5
INSULIN,INSULIN ISOPHANE (NPH),LANTUS SOLOSTAR,2
INSULIN,INSULIN ISOPHANE (NPH),NOVLIN N,85
INSULIN,INSULIN ISOPHANE (NPH),NOVOLIN N,2148
INSULIN,INSULIN ISOPHANE (NPH),NOVOLIN N INSULIN,4
INSULIN,INSULIN ISOPHANE (NPH),SOLOSTAR,5
INSULIN,INSULIN ISOPHANE (NPH),TECHLITE 25G,1
INSULIN,INSULIN ISOPHANE (NPH)-INSULIN REGULAR,HUMULIN,143
INSULIN,INSULIN ISOPHANE (NPH)-INSULIN REGULAR,HUMULIN 70/30,4
INSULIN,INSULIN ISOPHANE (NPH)-INSULIN REGULAR,HUMULIN PEN,10
INSULIN,INSULIN ISOPHANE (NPH)-INSULIN REGULAR,NOVOLIN,183
INSULIN,INSULIN ISOPHANE (NPH)-INSULIN REGULAR,NOVOLIN70/30,54
INSULIN,INSULIN ISOPHANE-INSULIN REGULAR,HUMAN U,7
INSULIN,INSULIN ISOPHANE-INSULIN REGULAR,HUMILIN 70/30,4
INSULIN,INSULIN ISOPHANE-INSULIN REGULAR,HUMULIN,1823
INSULIN,INSULIN ISOPHANE-INSULIN REGULAR,HUMULIN 100U,2
INSULIN,INSULIN ISOPHANE-INSULIN REGULAR,HUMULIN 50/50 (VIAL),55
INSULIN,INSULIN ISOPHANE-INSULIN REGULAR,HUMULIN 70-30,3
INSULIN,INSULIN ISOPHANE-INSULIN REGULAR,HUMULIN 70/30,560
INSULIN,INSULIN ISOPHANE-INSULIN REGULAR,HUMULIN 70/30 (VIAL),1397
INSULIN,INSULIN ISOPHANE-INSULIN REGULAR,HUMULIN 70/30 PEN,33
INSULIN,INSULIN ISOPHANE-INSULIN REGULAR,HUMULIN 70/30 PEN (PREFILLED DISPOSABLE),107
INSULIN,INSULIN ISOPHANE-INSULIN REGULAR,HUMULIN INJ 70/30,7
INSULIN,INSULIN ISOPHANE-INSULIN REGULAR,HUMULIN PEN,21
INSULIN,INSULIN ISOPHANE-INSULIN REGULAR,HUMULIN PEN 70/30,4
INSULIN,INSULIN ISOPHANE-INSULIN REGULAR,INSULIN,4
INSULIN,INSULIN ISOPHANE-INSULIN REGULAR,INSULIN ( NOVOLIN)  70/30,2
INSULIN,INSULIN ISOPHANE-INSULIN REGULAR,INSULIN (NOVOLIN),2
INSULIN,INSULIN ISOPHANE-INSULIN REGULAR,INSULIN (NOVOLIN) 70/30,2
INSULIN,INSULIN ISOPHANE-INSULIN REGULAR,INSULIN 70/30,27
INSULIN,INSULIN ISOPHANE-INSULIN REGULAR,INSULIN 70/30 (NOVOLIN 70/30),5
INSULIN,INSULIN ISOPHANE-INSULIN REGULAR,INSULIN 70/30 HUMAN,33
INSULIN,INSULIN ISOPHANE-INSULIN REGULAR,INSULIN HUMAN,321
INSULIN,INSULIN ISOPHANE-INSULIN REGULAR,INSULIN HUMAN (NPH/REG),4
INSULIN,INSULIN ISOPHANE-INSULIN REGULAR,INSULIN HUMAN 70/30,35
INSULIN,INSULIN ISOPHANE-INSULIN REGULAR,INSULIN HUMAN 70/30 (HUMULIN/NOVOLIN),2
INSULIN,INSULIN ISOPHANE-INSULIN REGULAR,INSULIN HUMULIN KWIKPEN,1
INSULIN,INSULIN ISOPHANE-INSULIN REGULAR,INSULIN ISOPHANE REG,5
INSULIN,INSULIN ISOPHANE-INSULIN REGULAR,INSULIN ISOPHANE REG 70-30%,2
INSULIN,INSULIN ISOPHANE-INSULIN REGULAR,INSULIN ISOPHANE REG INJ 100UNIT,1
INSULIN,INSULIN ISOPHANE-INSULIN REGULAR,INSULIN NOVOLIN,257
INSULIN,INSULIN ISOPHANE-INSULIN REGULAR,INSULIN NOVOLIN 70/30,107
INSULIN,INSULIN ISOPHANE-INSULIN REGULAR,INSULIN NOVOLIN 70/30 (NPH/REG),22
INSULIN,INSULIN ISOPHANE-INSULIN REGULAR,INSULIN NOVOLIN NOVO DE,5
INSULIN,INSULIN ISOPHANE-INSULIN REGULAR,INSULIN NOVOLIN NPH/REG,191
INSULIN,INSULIN ISOPHANE-INSULIN REGULAR,INSULIN NPH & REG HUMAN INSULINE 70-30,1
INSULIN,INSULIN ISOPHANE-INSULIN REGULAR,INSULIN NPH AND REG HUMAN INSULIN 70-30,2
INSULIN,INSULIN ISOPHANE-INSULIN REGULAR,INSULIN NPH ISOPHANE & REGULAR HUMAN,4
INSULIN,INSULIN ISOPHANE-INSULIN REGULAR,INSULIN NPH ISOPHANE & REGULAR HUMAN INJ,2
INSULIN,INSULIN ISOPHANE-INSULIN REGULAR,INSULIN NPH REGULAR HUMAN 70/30 INJ,2
INSULIN,INSULIN ISOPHANE-INSULIN REGULAR,INSULIN NPH/REG,19
INSULIN,INSULIN ISOPHANE-INSULIN REGULAR,INSULIN NPH/REG 70/30,8
INSULIN,INSULIN ISOPHANE-INSULIN REGULAR,INSULIN NPH/REG HUM,12
INSULIN,INSULIN ISOPHANE-INSULIN REGULAR,"INSULIN, NOVOLIN 70/30, U-100",6
INSULIN,INSULIN ISOPHANE-INSULIN REGULAR,"INSULIN,NPH",9
INSULIN,INSULIN ISOPHANE-INSULIN REGULAR,INSULIN/HUMAN 70/30,47
INSULIN,INSULIN ISOPHANE-INSULIN REGULAR,NOVLIN 70/30,82
INSULIN,INSULIN ISOPHANE-INSULIN REGULAR,NOVOLILN 70/30,3
INSULIN,INSULIN ISOPHANE-INSULIN REGULAR,NOVOLIN,1798
INSULIN,INSULIN ISOPHANE-INSULIN REGULAR,NOVOLIN 70 / 30,5
INSULIN,INSULIN ISOPHANE-INSULIN REGULAR,NOVOLIN 70/30,644
INSULIN,INSULIN ISOPHANE-INSULIN REGULAR,"NOVOLIN 70/30 (SRN,PREFILLED)",8
INSULIN,INSULIN ISOPHANE-INSULIN REGULAR,NOVOLIN 70/30 (VIAL),984
INSULIN,INSULIN ISOPHANE-INSULIN REGULAR,NOVOLIN 70/30 INJ,18
INSULIN,INSULIN ISOPHANE-INSULIN REGULAR,NOVOLIN 70/30 INNOLET,15
INSULIN,INSULIN ISOPHANE-INSULIN REGULAR,"NOVOLIN 70/30 INNOLET (SRN, PREFILLED)",96
INSULIN,INSULIN ISOPHANE-INSULIN REGULAR,NOVOLIN 70/30 INSULIN,7
INSULIN,INSULIN ISOPHANE-INSULIN REGULAR,NOVOLIN 70/30 INSULIN IN,32
INSULIN,INSULIN ISOPHANE-INSULIN REGULAR,NOVOLIN 70/30 PENFILL,1
INSULIN,INSULIN ISOPHANE-INSULIN REGULAR,NOVOLIN 70/30 PENFILL (SRN),81
INSULIN,INSULIN ISOPHANE-INSULIN REGULAR,NOVOLIN 70/30PENFILL 70-30U/ML,30
INSULIN,INSULIN ISOPHANE-INSULIN REGULAR,NOVOLIN FLEXPEN,3
INSULIN,INSULIN ISOPHANE-INSULIN REGULAR,NOVOLIN INSULIN,2
INSULIN,INSULIN ISOPHANE-INSULIN REGULAR,NOVOLIN INSULIN 70/30 HUMAN,2
INSULIN,INSULIN ISOPHANE-INSULIN REGULAR,NOVOLIN NPH REGULAR INSULIN,1
INSULIN,INSULIN ISOPHANE-INSULIN REGULAR,NOVOLIN70/30,299
INSULIN,INSULIN ISOPHANE-INSULIN REGULAR,REGULAR NPH INSULIN,3
INSULIN,INSULIN ISOPHANE-INSULIN REGULAR,RELION HUMULIN,4
INSULIN,INSULIN ISOPHANE-INSULIN REGULAR,RELION/NOVO,51
INSULIN,INSULIN ISOPHANE-INSULIN REGULAR,RELION/NOVO R,4
INSULIN,INSULIN ISOPHANE-INSULIN REGULAR,RELION/NOVOLIN 70/30 (VIAL),44
INSULIN,INSULIN LISPRO,ADMELOG,107
INSULIN,INSULIN LISPRO,ADMELOG SOLO,202
INSULIN,INSULIN LISPRO,CARTRIDGES,6
INSULIN,INSULIN LISPRO,HUMALOG,5772
INSULIN,INSULIN LISPRO,HUMALOG (CARTRIDGE),1
INSULIN,INSULIN LISPRO,"HUMALOG (KWIKPEN,5X3ML)",2
INSULIN,INSULIN LISPRO,HUMALOG (VIAL),648
INSULIN,INSULIN LISPRO,HUMALOG (VL-7510),1
INSULIN,INSULIN LISPRO,HUMALOG CARTRIDGE,2
INSULIN,INSULIN LISPRO,HUMALOG INJ,10
INSULIN,INSULIN LISPRO,HUMALOG INJ 100U,2
INSULIN,INSULIN LISPRO,HUMALOG INSULIN,62
INSULIN,INSULIN LISPRO,HUMALOG INSULIN (VL-7510),5
INSULIN,INSULIN LISPRO,HUMALOG JR,28
INSULIN,INSULIN LISPRO,HUMALOG KWIK,2997
INSULIN,INSULIN LISPRO,HUMALOG KWIK INJ,3
INSULIN,INSULIN LISPRO,HUMALOG KWIK PEN,8
INSULIN,INSULIN LISPRO,HUMALOG KWIKPEN,58
INSULIN,INSULIN LISPRO,HUMALOG PEN,185
INSULIN,INSULIN LISPRO,HUMALOG PEN (PREFILLED DISPOSABLE),208
INSULIN,INSULIN LISPRO,HUMALOG U-100,3
INSULIN,INSULIN LISPRO,INS - HMLG,6
INSULIN,INSULIN LISPRO,INS HMLG,2
INSULIN,INSULIN LISPRO,INSULIN LISP,823
INSULIN,INSULIN LISPRO,INSULIN LISPRO,20
INSULIN,INSULIN LISPRO,INSULIN LISPRO (HUMALOG),9
INSULIN,INSULIN LISPRO,INSULIN LISPRO HUMAN,14
INSULIN,INSULIN LISPRO,INSULIN LISPRO PEN,3
INSULIN,INSULIN LISPRO,IV,1
INSULIN,INSULIN LISPRO,LYUMJEV KWPN,6
INSULIN,INSULIN LISPRO-INSULIN LISPRO PROTAMINE,HUMALOG,1
INSULIN,INSULIN LISPRO-INSULIN LISPRO PROTAMINE,HUMALOG MIX,749
INSULIN,INSULIN LISPRO-INSULIN LISPRO PROTAMINE,HUMALOG MIX 50/50,40
INSULIN,INSULIN LISPRO-INSULIN LISPRO PROTAMINE,"HUMALOG MIX 50/50 (PEN,5X3ML)",8
INSULIN,INSULIN LISPRO-INSULIN LISPRO PROTAMINE,HUMALOG MIX 50/50 KWIKPEN,1
INSULIN,INSULIN LISPRO-INSULIN LISPRO PROTAMINE,HUMALOG MIX 75/25,277
INSULIN,INSULIN LISPRO-INSULIN LISPRO PROTAMINE,HUMALOG MIX 75/25 (VIAL),298
INSULIN,INSULIN LISPRO-INSULIN LISPRO PROTAMINE,HUMALOG MIX 75/25 INJ KWIKPEN,1
INSULIN,INSULIN LISPRO-INSULIN LISPRO PROTAMINE,HUMALOG MIX 75/25 PEN,33
INSULIN,INSULIN LISPRO-INSULIN LISPRO PROTAMINE,HUMALOG MIX 75/25 PEN (PREFILLED DISPOSABLE),274
INSULIN,INSULIN LISPRO-INSULIN LISPRO PROTAMINE,HUMALOG MIX PEN (PREFILLED DISPOSABLE),13
INSULIN,INSULIN LISPRO-INSULIN LISPRO PROTAMINE,HUMALOG PEN,25
INSULIN,INSULIN REGULAR,HUMAN,8
INSULIN,INSULIN REGULAR,HUMRLIN R,1
INSULIN,INSULIN REGULAR,HUMULIN,4
INSULIN,INSULIN REGULAR,HUMULIN L,12
INSULIN,INSULIN REGULAR,HUMULIN R,1239
INSULIN,INSULIN REGULAR,HUMULIN R (CONCENTRATED),5
INSULIN,INSULIN REGULAR,HUMULIN R (VIAL),538
INSULIN,INSULIN REGULAR,HUMULIN R CONCENTRATED U-500 (VIAL),1
INSULIN,INSULIN REGULAR,HUMULIN R U,7
INSULIN,INSULIN REGULAR,HUMULIN R U-100,20
INSULIN,INSULIN REGULAR,HUMULIN R VIAL U,9
INSULIN,INSULIN REGULAR,IMSULIN HUMAN REG,5
INSULIN,INSULIN REGULAR,INNOLET R,3
INSULIN,INSULIN REGULAR,INSULIN,1761
INSULIN,INSULIN REGULAR,INSULIN CONCENTRATE REG HUMAN,6
INSULIN,INSULIN REGULAR,INSULIN HUMAN NPH,2
INSULIN,INSULIN REGULAR,INSULIN HUMAN REG,3
INSULIN,INSULIN REGULAR,INSULIN HUMAN REGULAR,24
INSULIN,INSULIN REGULAR,INSULIN ISOPHAN-REGULAR,6
INSULIN,INSULIN REGULAR,INSULIN NOVOLIN,3
INSULIN,INSULIN REGULAR,INSULIN NPH HUMAN INJ,2
INSULIN,INSULIN REGULAR,INSULIN NPH HUMAN NOVOLIN R,1
INSULIN,INSULIN REGULAR,INSULIN REG,2
INSULIN,INSULIN REGULAR,INSULIN REG HUMAN,78
INSULIN,INSULIN REGULAR,INSULIN REG HUMAN NOVOLIN R,3
INSULIN,INSULIN REGULAR,INSULIN REG INJ,13
INSULIN,INSULIN REGULAR,INSULIN REG U-100,9
INSULIN,INSULIN REGULAR,INSULIN REG U-100 (HUMAN),11
INSULIN,INSULIN REGULAR,INSULIN REG-HUMAN,1
INSULIN,INSULIN REGULAR,INSULIN REG. U-100,9
INSULIN,INSULIN REGULAR,INSULIN REGULAR,25
INSULIN,INSULIN REGULAR,NOVLIN R,40
INSULIN,INSULIN REGULAR,NOVOLIN INSULIN REG,8
INSULIN,INSULIN REGULAR,NOVOLIN R,548
INSULIN,INSULIN REGULAR,NOVOLIN R  100,3
INSULIN,INSULIN REGULAR,NOVOLIN R (10X10ML),3
INSULIN,INSULIN REGULAR,NOVOLIN R (VIAL),218
INSULIN,INSULIN REGULAR,NOVOLIN R INNOLET,3
INSULIN,INSULIN REGULAR,"NOVOLIN R INNOLET (SRN,PREFILLED)",31
INSULIN,INSULIN REGULAR,NOVOLIN R INSULIN,1
INSULIN,INSULIN REGULAR,NOVOLIN R INSULIN R,19
INSULIN,INSULIN REGULAR,NOVOLIN R PENFILL,11
INSULIN,INSULIN REGULAR,NOVOLIN R PENFILL (SRN),10
INSULIN,INSULIN REGULAR,NOVOLIN R U,2
INSULIN,INSULIN REGULAR,RELION HUMULIN R U,38
INSULIN,INSULIN REGULAR,RELION/NOVO N,5
INSULIN,INSULIN REGULAR,RELION/NOVO R,30
INSULIN,INSULIN REGULAR,RELION/NOVOLIN R (VIAL),20
INSULIN,INSULIN REGULAR,U-100 HUMULIN REGU,1
INSULIN,INSULIN ZINC,HUMULIN,11
INSULIN,INSULIN ZINC,HUMULIN L,56
INSULIN,INSULIN ZINC,HUMULIN L (VIAL),7
INSULIN,INSULIN ZINC,INSULIN (NOVOLIN),1
INSULIN,INSULIN ZINC,NOVOLIN,4
INSULIN,INSULIN ZINC EXTENDED,HUMULIN U (VIAL),19
INSULIN,INSULIN ZINC EXTENDED,HUMULIN U VIAL,2
INSULIN,INSULIN ZINC EXTENDED,INSULIN HUMAN ULTRA LENTE,12
INSULIN,INSULIN ZINC EXTENDED,"INSULIN, ULTRALENTE (HUMAN)",5
MEGLITINIDES,NATEGLINIDE,NATEGLINIDE,154
MEGLITINIDES,NATEGLINIDE,STARLIX,760
MEGLITINIDES,REPAGLINIDE,"MINOXIDIL, TOPICAL",1
MEGLITINIDES,REPAGLINIDE,PRANDIN,680
MEGLITINIDES,REPAGLINIDE,REPAGLINIDE,8
None,NA,NA,590905
SGLT-2 INHIBITORS,CANAGLIFLOZIN,CANAGLIFLOZIN,11
SGLT-2 INHIBITORS,CANAGLIFLOZIN,INVOKANA,1427
SGLT-2 INHIBITORS,CANAGLIFLOZIN,INVOKANA 300 MG,2
SGLT-2 INHIBITORS,CANAGLIFLOZIN,INVOKANA TAB,1
SGLT-2 INHIBITORS,DAPAGLIFLOZIN,FARXIGA,1183
SGLT-2 INHIBITORS,DAPAGLIFLOZIN,FARXIGA TAB,18
SGLT-2 INHIBITORS,EMPAGLIFLOZIN,EMPAGLIFLOZIN,39
SGLT-2 INHIBITORS,EMPAGLIFLOZIN,JARDIANCE,2609
SGLT-2 INHIBITORS,EMPAGLIFLOZIN,JARDIANCE TAB,30
SGLT-2 INHIBITORS,ERTUGLIFLOZIN,STEGLATRO,62
SGLT-2 INHIBITORS,SGLT-2 INHIBITORS,SGLT-2 INHIBITORS,280
SULFONYLUREAS,CHLORPROPAMIDE,CHLORPROPAMIDE,92
SULFONYLUREAS,GLIMEPIRIDE,AMARYL,3399
SULFONYLUREAS,GLIMEPIRIDE,AMARYL (GEN),4
SULFONYLUREAS,GLIMEPIRIDE,GLIMEPERIDE,6
SULFONYLUREAS,GLIMEPIRIDE,GLIMEPIRIDE,16679
SULFONYLUREAS,GLIMEPIRIDE,GLIMEPIRIDE (AMARYL),4
SULFONYLUREAS,GLIMEPIRIDE,GLIMEPIRIDE TAB,13
SULFONYLUREAS,GLIMEPIRIDE,GLIMEPIRIDE;,2
SULFONYLUREAS,GLIMEPIRIDE,GLIMEPRIDE,24
SULFONYLUREAS,GLIMEPIRIDE,GLIMEPRIDIE,1
SULFONYLUREAS,GLIMEPIRIDE,GLIMEPRIRIDE,2
SULFONYLUREAS,GLIMEPIRIDE,GLIMERPIRIDE,1
SULFONYLUREAS,GLIMEPIRIDE,GLIMERPRIRIDE,1
SULFONYLUREAS,GLIMEPIRIDE,GLIMPERIDE,4
SULFONYLUREAS,GLIMEPIRIDE,GLIMPIRIDE,8
SULFONYLUREAS,GLIMEPIRIDE,GLIMPIRIRDE,1
SULFONYLUREAS,GLIMEPIRIDE,KGC,1
SULFONYLUREAS,GLIMEPIRIDE,MEDISENSE,3
SULFONYLUREAS,GLIPIZIDE,1 GLIPIZIDE ER,1
SULFONYLUREAS,GLIPIZIDE,GILPIZIDE,1
SULFONYLUREAS,GLIPIZIDE,GLIPIZIDE,26316
SULFONYLUREAS,GLIPIZIDE,GLIPIZIDE  ER,1
SULFONYLUREAS,GLIPIZIDE,GLIPIZIDE (FILM-COATED),983
SULFONYLUREAS,GLIPIZIDE,GLIPIZIDE (GLUCOTROL XL),8
SULFONYLUREAS,GLIPIZIDE,GLIPIZIDE (GLUCOTROL),3
SULFONYLUREAS,GLIPIZIDE,GLIPIZIDE (USP),91
SULFONYLUREAS,GLIPIZIDE,"GLIPIZIDE (USP,FILM-COATED)",20
SULFONYLUREAS,GLIPIZIDE,GLIPIZIDE ER,5358
SULFONYLUREAS,GLIPIZIDE,GLIPIZIDE ER 10 MG,11
SULFONYLUREAS,GLIPIZIDE,GLIPIZIDE ER 10MG,31
SULFONYLUREAS,GLIPIZIDE,GLIPIZIDE ER 24,3
SULFONYLUREAS,GLIPIZIDE,GLIPIZIDE ER 24HR,2
SULFONYLUREAS,GLIPIZIDE,GLIPIZIDE ER 5MG,27
SULFONYLUREAS,GLIPIZIDE,GLIPIZIDE EXTENDED RELEASE,312
SULFONYLUREAS,GLIPIZIDE,GLIPIZIDE SA,7
SULFONYLUREAS,GLIPIZIDE,GLIPIZIDE SR 24HR,14
SULFONYLUREAS,GLIPIZIDE,GLIPIZIDE TAB,39
SULFONYLUREAS,GLIPIZIDE,GLIPIZIDE TAB 10 MG,7
SULFONYLUREAS,GLIPIZIDE,GLIPIZIDE TAB 5 MG,16
SULFONYLUREAS,GLIPIZIDE,GLIPIZIDE TAB ER 24 HR,1
SULFONYLUREAS,GLIPIZIDE,GLIPIZIDE X-L,13
SULFONYLUREAS,GLIPIZIDE,GLIPIZIDE X1,7
SULFONYLUREAS,GLIPIZIDE,GLIPIZIDE XL,3327
SULFONYLUREAS,GLIPIZIDE,GLIPIZIDE XL (NYM),15
SULFONYLUREAS,GLIPIZIDE,GLIPIZIDE XL 10,3
SULFONYLUREAS,GLIPIZIDE,GLIPIZIDE XL 24HR,7
SULFONYLUREAS,GLIPIZIDE,GLIPIZIDE XL TAB,2
SULFONYLUREAS,GLIPIZIDE,GLIPIZIDE XL TB 21,1
SULFONYLUREAS,GLIPIZIDE,GLIPIZIDE XL TB 24,1
SULFONYLUREAS,GLIPIZIDE,GLIPIZINE,1
SULFONYLUREAS,GLIPIZIDE,GLIPLZIDE,3
SULFONYLUREAS,GLIPIZIDE,GLIPZIDE,11
SULFONYLUREAS,GLIPIZIDE,GLIPZIDE ER,13
SULFONYLUREAS,GLIPIZIDE,GLIZIDE XL,1
SULFONYLUREAS,GLIPIZIDE,GLLIPIZIDE ER,1
SULFONYLUREAS,GLIPIZIDE,GLUCATROL XL,3
SULFONYLUREAS,GLIPIZIDE,GLUCOTROL,1058
SULFONYLUREAS,GLIPIZIDE,GLUCOTROL (DYE-FREE),1
SULFONYLUREAS,GLIPIZIDE,GLUCOTROL XL,1918
SULFONYLUREAS,GLYBURIDE,DIABETA,729
SULFONYLUREAS,GLYBURIDE,GLIPIZIDE,1
SULFONYLUREAS,GLYBURIDE,GLYBRIDE,2
SULFONYLUREAS,GLYBURIDE,GLYBURDIE,1
SULFONYLUREAS,GLYBURIDE,GLYBURID MCR,308
SULFONYLUREAS,GLYBURIDE,GLYBURIDE,18123
SULFONYLUREAS,GLYBURIDE,GLYBURIDE (MICRO),10
SULFONYLUREAS,GLYBURIDE,GLYBURIDE (MICRONASE),1
SULFONYLUREAS,GLYBURIDE,GLYBURIDE (MICRONASE/DIABETA),3
SULFONYLUREAS,GLYBURIDE,GLYBURIDE (UNIT OF USE),356
SULFONYLUREAS,GLYBURIDE,GLYBURIDE 5MG TABLETS,1
SULFONYLUREAS,GLYBURIDE,GLYBURIDE MCR,8
SULFONYLUREAS,GLYBURIDE,GLYBURIDE MICRO (GLYNASE OR SUB),1
SULFONYLUREAS,GLYBURIDE,GLYBURIDE MICRONIZED,516
SULFONYLUREAS,GLYBURIDE,GLYBURIDE TAB,14
SULFONYLUREAS,GLYBURIDE,"GLYBURIDE TAB 5MG,CAJ",61
SULFONYLUREAS,GLYBURIDE,"GLYBURIDE, MICRONIZED",16
SULFONYLUREAS,GLYBURIDE,GLYDURIDE,1
SULFONYLUREAS,GLYBURIDE,GLYNASE,5
SULFONYLUREAS,GLYBURIDE,GLYNASE PRES-TAB,12
SULFONYLUREAS,GLYBURIDE,GYLBURIDE,1
SULFONYLUREAS,GLYBURIDE,MICRONASE,139
SULFONYLUREAS,GLYBURIDE,MICRONASE (UNIT OF USE),27
SULFONYLUREAS,TOLAZAMIDE,TOLAZAMIDE,118
THIAZOLIDINEDIONES,PIOGLITAZONE,ACOTS,3
THIAZOLIDINEDIONES,PIOGLITAZONE,ACTOS,13850
THIAZOLIDINEDIONES,PIOGLITAZONE,ACTOS 15MG TABLETS,2
THIAZOLIDINEDIONES,PIOGLITAZONE,ACTOS 30MG TABLETS,1
THIAZOLIDINEDIONES,PIOGLITAZONE,ACTUS,4
THIAZOLIDINEDIONES,PIOGLITAZONE,PIGLITAZONE,2
THIAZOLIDINEDIONES,PIOGLITAZONE,PIOGLITAZONE,4930
THIAZOLIDINEDIONES,PIOGLITAZONE,PIOGLITAZONE (ACTOS),17
THIAZOLIDINEDIONES,PIOGLITAZONE,PIOGLITAZONE HCI,3
THIAZOLIDINEDIONES,PIOGLITAZONE,PIOGLITAZONE HCL,94
THIAZOLIDINEDIONES,PIOGLITAZONE,PIOGLITAZONE HCL TAB,4
THIAZOLIDINEDIONES,ROSIGLITAZONE,AVANDIA,5459
THIAZOLIDINEDIONES,ROSIGLITAZONE,AVANDIA (FILM-COATED TILTAB),420
THIAZOLIDINEDIONES,ROSIGLITAZONE,AVANDIA (FILM-COATED),190
THIAZOLIDINEDIONES,ROSIGLITAZONE,"AVANDIA (FILM-COATED, TILTAB)",1653
THIAZOLIDINEDIONES,ROSIGLITAZONE,COSMETIC,5
THIAZOLIDINEDIONES,ROSIGLITAZONE,ROSIGLITAZONE,117
THIAZOLIDINEDIONES,ROSIGLITAZONE,ROSIGLITAZONE (AVANDIA),15
THIAZOLIDINEDIONES,ROSIGLITAZONE,ROSIGLITAZONE MALEATE,177
