third_level_category_name,RXDRGNAM,RXNAME,Class1,Class2
ALPHA-GLUCOSIDASE INHIBITORS,ACARBOSE,ACARBOSE,,
ALPHA-GLUCOSIDASE INHIBITORS,ACARBOSE,CARBOSE,,
ALPHA-GLUCOSIDASE INHIBITORS,ACARBOSE,PRECOSE,,
ALPHA-GLUCOSIDASE INHIBITORS,MIGLITOL,GLYSET,,
ALPHA-GLUCOSIDASE INHIBITORS,MIGLITOL,GLYSET (FILM-COATED),,
AMYLIN ANALOGS,PRAMLINTIDE,SYMLIN,,
AMYLIN ANALOGS,PRAMLINTIDE,SYMLINPEN (2X2.7ML),,
AMYLIN ANALOGS,PRAMLINTIDE,SYMLINPEN 60,,
AMYLIN ANALOGS,PRAMLINTIDE,SYMLNPEN 120,,
ANTIDIABETIC COMBINATIONS,ANTIDIABETIC COMBINATIONS,ANTIDIABETIC COMBINATIONS,,
ANTIDIABETIC COMBINATIONS,EMPAGLIFLOZIN-METFORMIN,SYNJARDY,SGLT-2 INHIBITORS,BIGUANIDES
ANTIDIABETIC COMBINATIONS,EMPAGLIFLOZIN-METFORMIN,SYNJARDY XR,SGLT-2 INHIBITORS,BIGUANIDES
ANTIDIABETIC COMBINATIONS,GLIMEPIRIDE-PIOGLITAZONE,DUETACT,SULFONYLUREAS,THIAZOLIDINEDIONES
ANTIDIABETIC COMBINATIONS,GLIMEPIRIDE-ROSIGLITAZONE,AVANDARYL,SULFONYLUREAS,THIAZOLIDINEDIONES
ANTIDIABETIC COMBINATIONS,GLIPIZIDE-METFORMIN,GLIP/METFORM,SULFONYLUREAS,BIGUANIDES
ANTIDIABETIC COMBINATIONS,GLIPIZIDE-METFORMIN,GLIPIZIDE METFORMIN,SULFONYLUREAS,BIGUANIDES
ANTIDIABETIC COMBINATIONS,GLIPIZIDE-METFORMIN,GLIPIZIDE-METFORMIN,SULFONYLUREAS,BIGUANIDES
ANTIDIABETIC COMBINATIONS,GLIPIZIDE-METFORMIN,GLIPIZIDE/METFORMIN,SULFONYLUREAS,BIGUANIDES
ANTIDIABETIC COMBINATIONS,GLIPIZIDE-METFORMIN,GLIPIZIDE/METFORMIN (FILM-COATED),SULFONYLUREAS,BIGUANIDES
ANTIDIABETIC COMBINATIONS,GLIPIZIDE-METFORMIN,GLIPIZIDE/METFORMIN HCL (FILM-COATED),SULFONYLUREAS,BIGUANIDES
ANTIDIABETIC COMBINATIONS,GLIPIZIDE-METFORMIN,METAGLIP,SULFONYLUREAS,BIGUANIDES
ANTIDIABETIC COMBINATIONS,GLYBURIDE-METFORMIN,GLUCOVANCE,SULFONYLUREAS,BIGUANIDES
ANTIDIABETIC COMBINATIONS,GLYBURIDE-METFORMIN,GLUCOVANCE (CAPLET),SULFONYLUREAS,BIGUANIDES
ANTIDIABETIC COMBINATIONS,GLYBURIDE-METFORMIN,"GLUCOVANCE (CAPLET, FILM-COATED)",SULFONYLUREAS,BIGUANIDES
ANTIDIABETIC COMBINATIONS,GLYBURIDE-METFORMIN,"GLUCOVANCE (CAPLET,FILM-COATED)",SULFONYLUREAS,BIGUANIDES
ANTIDIABETIC COMBINATIONS,GLYBURIDE-METFORMIN,GLUCOVANCE (FILM-COATED CAPLET),SULFONYLUREAS,BIGUANIDES
ANTIDIABETIC COMBINATIONS,GLYBURIDE-METFORMIN,GLYB/METF,SULFONYLUREAS,BIGUANIDES
ANTIDIABETIC COMBINATIONS,GLYBURIDE-METFORMIN,GLYB/METFOR,SULFONYLUREAS,BIGUANIDES
ANTIDIABETIC COMBINATIONS,GLYBURIDE-METFORMIN,GLYB/METFORM,SULFONYLUREAS,BIGUANIDES
ANTIDIABETIC COMBINATIONS,GLYBURIDE-METFORMIN,GLYBUR/METF,SULFONYLUREAS,BIGUANIDES
ANTIDIABETIC COMBINATIONS,GLYBURIDE-METFORMIN,GLYBURID-METFORMIN,SULFONYLUREAS,BIGUANIDES
ANTIDIABETIC COMBINATIONS,GLYBURIDE-METFORMIN,GLYBURIDE,SULFONYLUREAS,BIGUANIDES
ANTIDIABETIC COMBINATIONS,GLYBURIDE-METFORMIN,GLYBURIDE AND METFORMIN HYDROCHLORI (FILM-COATED),SULFONYLUREAS,BIGUANIDES
ANTIDIABETIC COMBINATIONS,GLYBURIDE-METFORMIN,GLYBURIDE METFORMIN,SULFONYLUREAS,BIGUANIDES
ANTIDIABETIC COMBINATIONS,GLYBURIDE-METFORMIN,GLYBURIDE MICRONIZED/METFORMIN HCL (FILM-COATED),SULFONYLUREAS,BIGUANIDES
ANTIDIABETIC COMBINATIONS,GLYBURIDE-METFORMIN,GLYBURIDE MICRONIZED/METFORMIN HYDR,SULFONYLUREAS,BIGUANIDES
ANTIDIABETIC COMBINATIONS,GLYBURIDE-METFORMIN,GLYBURIDE MICRONIZED/METFORMIN HYDR (FILM COATED),SULFONYLUREAS,BIGUANIDES
ANTIDIABETIC COMBINATIONS,GLYBURIDE-METFORMIN,GLYBURIDE MICRONIZED/METFORMIN HYDR (FILM-COATED),SULFONYLUREAS,BIGUANIDES
ANTIDIABETIC COMBINATIONS,GLYBURIDE-METFORMIN,GLYBURIDE- METFORMIN,SULFONYLUREAS,BIGUANIDES
ANTIDIABETIC COMBINATIONS,GLYBURIDE-METFORMIN,GLYBURIDE-METFORMIN,SULFONYLUREAS,BIGUANIDES
ANTIDIABETIC COMBINATIONS,GLYBURIDE-METFORMIN,GLYBURIDE-METFORMIN HCL,SULFONYLUREAS,BIGUANIDES
ANTIDIABETIC COMBINATIONS,GLYBURIDE-METFORMIN,GLYBURIDE-METFORMIN HCL (FILM-COATED),SULFONYLUREAS,BIGUANIDES
ANTIDIABETIC COMBINATIONS,GLYBURIDE-METFORMIN,GLYBURIDE/METFORMIN,SULFONYLUREAS,BIGUANIDES
ANTIDIABETIC COMBINATIONS,GLYBURIDE-METFORMIN,GLYBURIDE/METFORMIN HCL,SULFONYLUREAS,BIGUANIDES
ANTIDIABETIC COMBINATIONS,GLYBURIDE-METFORMIN,GLYBURIDE/METFORMIN HCL (FILM-COATED),SULFONYLUREAS,BIGUANIDES
ANTIDIABETIC COMBINATIONS,GLYBURIDE-METFORMIN,GLYBURIDE/METFORMIN HYDROCHLORIDE (FILM-COATED),SULFONYLUREAS,BIGUANIDES
ANTIDIABETIC COMBINATIONS,GLYBURIDE-METFORMIN,KETO/CYCLOB/LIDO,Remove,
ANTIDIABETIC COMBINATIONS,LINAGLIPTIN-METFORMIN,JENTADUETO,DIPEPTIDYL PEPTIDASE 4 INHIBITORS,BIGUANIDES
ANTIDIABETIC COMBINATIONS,METFORMIN-PIOGLITAZONE,ACTOPLUS,BIGUANIDES,THIAZOLIDINEDIONES
ANTIDIABETIC COMBINATIONS,METFORMIN-PIOGLITAZONE,ACTOPLUS MET,BIGUANIDES,THIAZOLIDINEDIONES
ANTIDIABETIC COMBINATIONS,METFORMIN-PIOGLITAZONE,ACTOPLUS MET (FILM-COATED),BIGUANIDES,THIAZOLIDINEDIONES
ANTIDIABETIC COMBINATIONS,METFORMIN-PIOGLITAZONE,ACTOS PLUS MET,BIGUANIDES,THIAZOLIDINEDIONES
ANTIDIABETIC COMBINATIONS,METFORMIN-PIOGLITAZONE,PIGLITAZONE HCL/ METFORMIN HCL,BIGUANIDES,THIAZOLIDINEDIONES
ANTIDIABETIC COMBINATIONS,METFORMIN-PIOGLITAZONE,PIOGLIT-MEFORM,BIGUANIDES,THIAZOLIDINEDIONES
ANTIDIABETIC COMBINATIONS,METFORMIN-PIOGLITAZONE,PIOGLITA/MET,BIGUANIDES,THIAZOLIDINEDIONES
ANTIDIABETIC COMBINATIONS,METFORMIN-PIOGLITAZONE,PIOGLITAZONE HCL-METFORMIN HCL,BIGUANIDES,THIAZOLIDINEDIONES
ANTIDIABETIC COMBINATIONS,METFORMIN-PIOGLITAZONE,PIOGLITAZONE HCL/ METFORMIN HCL,BIGUANIDES,THIAZOLIDINEDIONES
ANTIDIABETIC COMBINATIONS,METFORMIN-ROSIGLITAZONE,AVANDAMET,BIGUANIDES,THIAZOLIDINEDIONES
ANTIDIABETIC COMBINATIONS,METFORMIN-ROSIGLITAZONE,AVANDAMET (FILM COATED),BIGUANIDES,THIAZOLIDINEDIONES
ANTIDIABETIC COMBINATIONS,METFORMIN-ROSIGLITAZONE,AVANDAMET (FILM-COATED),BIGUANIDES,THIAZOLIDINEDIONES
ANTIDIABETIC COMBINATIONS,METFORMIN-ROSIGLITAZONE,AVANDAMET 2,BIGUANIDES,THIAZOLIDINEDIONES
ANTIDIABETIC COMBINATIONS,METFORMIN-SAXAGLIPTIN,KOMBIGLYZE,BIGUANIDES,DIPEPTIDYL PEPTIDASE 4 INHIBITORS
ANTIDIABETIC COMBINATIONS,METFORMIN-SAXAGLIPTIN,KOMBIGLYZE XR,BIGUANIDES,DIPEPTIDYL PEPTIDASE 4 INHIBITORS
ANTIDIABETIC COMBINATIONS,METFORMIN-SITAGLIPTIN,JANUMET,BIGUANIDES,DIPEPTIDYL PEPTIDASE 4 INHIBITORS
ANTIDIABETIC COMBINATIONS,METFORMIN-SITAGLIPTIN,JANUMET (FILM-COATED),BIGUANIDES,DIPEPTIDYL PEPTIDASE 4 INHIBITORS
ANTIDIABETIC COMBINATIONS,METFORMIN-SITAGLIPTIN,JANUMET 50-1000,BIGUANIDES,DIPEPTIDYL PEPTIDASE 4 INHIBITORS
ANTIDIABETIC COMBINATIONS,METFORMIN-SITAGLIPTIN,JANUMET 50/1000,BIGUANIDES,DIPEPTIDYL PEPTIDASE 4 INHIBITORS
ANTIDIABETIC COMBINATIONS,METFORMIN-SITAGLIPTIN,JANUMET TAB,BIGUANIDES,DIPEPTIDYL PEPTIDASE 4 INHIBITORS
ANTIDIABETIC COMBINATIONS,METFORMIN-SITAGLIPTIN,JANUMET XR,BIGUANIDES,DIPEPTIDYL PEPTIDASE 4 INHIBITORS
ANTIDIABETIC COMBINATIONS,METFORMIN-SITAGLIPTIN,METFORMIN HCL+SITAGLIPTIN PHOSPHATE ER,BIGUANIDES,DIPEPTIDYL PEPTIDASE 4 INHIBITORS
ANTIDIABETIC COMBINATIONS,METFORMIN-SITAGLIPTIN,METFORMIN/ SITAGLIPTIN,BIGUANIDES,DIPEPTIDYL PEPTIDASE 4 INHIBITORS
ANTIDIABETIC COMBINATIONS,METFORMIN-SITAGLIPTIN,METFORMIN/SITAGLIPTIN,BIGUANIDES,DIPEPTIDYL PEPTIDASE 4 INHIBITORS
ANTIDIABETIC COMBINATIONS,METFORMIN-SITAGLIPTIN,SITAGILIPTIN/METFORMI,BIGUANIDES,DIPEPTIDYL PEPTIDASE 4 INHIBITORS
ANTIDIABETIC COMBINATIONS,METFORMIN-SITAGLIPTIN,SITAGLIPTIN-METFORMIN HCL,BIGUANIDES,DIPEPTIDYL PEPTIDASE 4 INHIBITORS
ANTIDIABETIC COMBINATIONS,METFORMIN-SITAGLIPTIN,SITAGLIPTIN/METMFORMIN,BIGUANIDES,DIPEPTIDYL PEPTIDASE 4 INHIBITORS
BIGUANIDESS,METFORMIN,-9,,
BIGUANIDESS,METFORMIN,CITA20T,,
BIGUANIDESS,METFORMIN,CLAX SOLUTION,,
BIGUANIDESS,METFORMIN,CLEARLINK PRIMARY,,
BIGUANIDESS,METFORMIN,ETFORMIN HCL,,
BIGUANIDESS,METFORMIN,FORTAMET,,
BIGUANIDESS,METFORMIN,FORTAMET (FILM-COATED),,
BIGUANIDESS,METFORMIN,FORTAMET ER,,
BIGUANIDESS,METFORMIN,GLUCOPHAG,,
BIGUANIDESS,METFORMIN,GLUCOPHAGE,,
BIGUANIDESS,METFORMIN,GLUCOPHAGE XR,,
BIGUANIDESS,METFORMIN,GLUCOPHAGE XR (FILM-COATED),,
BIGUANIDESS,METFORMIN,GLUCOPHGE XR,,
BIGUANIDESS,METFORMIN,GLUMETZA,,
BIGUANIDESS,METFORMIN,GLUMETZA (FILM-COATED),,
BIGUANIDESS,METFORMIN,INSERT STANDART P,,
BIGUANIDESS,METFORMIN,MEFORMIN,,
BIGUANIDESS,METFORMIN,MERFORMIN,,
BIGUANIDESS,METFORMIN,MERTFORMIN,,
BIGUANIDESS,METFORMIN,METAFORMIN HCL,,
BIGUANIDESS,METFORMIN,METFORM,,
BIGUANIDESS,METFORMIN,METFORMIN,,
BIGUANIDESS,METFORMIN,METFORMIN  (FILM-COATED),,
BIGUANIDESS,METFORMIN,METFORMIN  HCL,,
BIGUANIDESS,METFORMIN,METFORMIN  HCL ER,,
BIGUANIDESS,METFORMIN,METFORMIN (FILM-COATED),,
BIGUANIDESS,METFORMIN,METFORMIN (GLUCOPHAGE XR),,
BIGUANIDESS,METFORMIN,METFORMIN (GLUCOPHAGE),,
BIGUANIDESS,METFORMIN,METFORMIN (GLUCOPHAGE-500),,
BIGUANIDESS,METFORMIN,METFORMIN 1000 MG,,
BIGUANIDESS,METFORMIN,METFORMIN 1000MG,,
BIGUANIDESS,METFORMIN,METFORMIN 1000MG TABLETS,,
BIGUANIDESS,METFORMIN,METFORMIN 100MG,,
BIGUANIDESS,METFORMIN,METFORMIN 24 HR SUSTAINED RELEASE,,
BIGUANIDESS,METFORMIN,METFORMIN 24HR,,
BIGUANIDESS,METFORMIN,METFORMIN 24HR SA,,
BIGUANIDESS,METFORMIN,METFORMIN 500 MG,,
BIGUANIDESS,METFORMIN,METFORMIN 500MG TABLETS,,
BIGUANIDESS,METFORMIN,METFORMIN 850MG,,
BIGUANIDESS,METFORMIN,METFORMIN ECL,,
BIGUANIDESS,METFORMIN,METFORMIN ER,,
BIGUANIDESS,METFORMIN,METFORMIN ER (10X10),,
BIGUANIDESS,METFORMIN,METFORMIN ER 24HR,,
BIGUANIDESS,METFORMIN,METFORMIN ER 500MG 24HR TABS,,
BIGUANIDESS,METFORMIN,METFORMIN ER TAB,,
BIGUANIDESS,METFORMIN,METFORMIN GLU,,
BIGUANIDESS,METFORMIN,METFORMIN GLUCOPHAGE),,
BIGUANIDESS,METFORMIN,METFORMIN H,,
BIGUANIDESS,METFORMIN,METFORMIN HC,,
BIGUANIDESS,METFORMIN,METFORMIN HCL,,
BIGUANIDESS,METFORMIN,METFORMIN HCL (10X10),,
BIGUANIDESS,METFORMIN,METFORMIN HCL (CAPLET),,
BIGUANIDESS,METFORMIN,METFORMIN HCL (FILM-COATED TAB),,
BIGUANIDESS,METFORMIN,METFORMIN HCL (FILM-COATED),,
BIGUANIDESS,METFORMIN,METFORMIN HCL (GLUCOPHAGE),,
BIGUANIDESS,METFORMIN,METFORMIN HCL (OSM) 24HR,,
BIGUANIDESS,METFORMIN,METFORMIN HCL 10%,,
BIGUANIDESS,METFORMIN,METFORMIN HCL 1000MG,,
BIGUANIDESS,METFORMIN,METFORMIN HCL 24 HOUR,,
BIGUANIDESS,METFORMIN,METFORMIN HCL 24 HR,,
BIGUANIDESS,METFORMIN,METFORMIN HCL 24 HR SA,,
BIGUANIDESS,METFORMIN,METFORMIN HCL 24HR,,
BIGUANIDESS,METFORMIN,METFORMIN HCL 24HR SA,,
BIGUANIDESS,METFORMIN,METFORMIN HCL 500 MG,,
BIGUANIDESS,METFORMIN,METFORMIN HCL 500MG 24HR SA TAB,,
BIGUANIDESS,METFORMIN,METFORMIN HCL ER,,
BIGUANIDESS,METFORMIN,METFORMIN HCL ER (OSM) 24HR,,
BIGUANIDESS,METFORMIN,METFORMIN HCL ER 24 HR,,
BIGUANIDESS,METFORMIN,METFORMIN HCL ER 24HR,,
BIGUANIDESS,METFORMIN,METFORMIN HCL SA,,
BIGUANIDESS,METFORMIN,METFORMIN HCL SA 24 HR TAB,,
BIGUANIDESS,METFORMIN,METFORMIN HCL SR 24HR,,
BIGUANIDESS,METFORMIN,METFORMIN HCL TAB,,
BIGUANIDESS,METFORMIN,METFORMIN HCL TAB 1000 MG,,
BIGUANIDESS,METFORMIN,METFORMIN HCL TAB 500 MG,,
BIGUANIDESS,METFORMIN,METFORMIN HCL TAB 850 MG,,
BIGUANIDESS,METFORMIN,METFORMIN HCL TAB ER 24HR,,
BIGUANIDESS,METFORMIN,METFORMIN HCL TAB ER 24HR 500 MG,,
BIGUANIDESS,METFORMIN,METFORMIN HCL TAB SR 24HR,,
BIGUANIDESS,METFORMIN,METFORMIN HCL TAB SR 24HR 500 MG,,
BIGUANIDESS,METFORMIN,METFORMIN HCL TAB SR 24HR 750 MG,,
BIGUANIDESS,METFORMIN,METFORMIN HCL XR,,
BIGUANIDESS,METFORMIN,METFORMIN HCL:,,
BIGUANIDESS,METFORMIN,METFORMIN HYDROCHLORIDE,,
BIGUANIDESS,METFORMIN,"METFORMIN HYDROCHLORIDE (12X60,USP,FILM-COATED)",,
BIGUANIDESS,METFORMIN,METFORMIN HYDROCHLORIDE (FILM COATED),,
BIGUANIDESS,METFORMIN,METFORMIN HYDROCHLORIDE (FILM-COATED),,
BIGUANIDESS,METFORMIN,"METFORMIN HYDROCHLORIDE (USP,FILM COATED)",,
BIGUANIDESS,METFORMIN,METFORMIN HYDROCHLORIDE ER,,
BIGUANIDESS,METFORMIN,METFORMIN N HCL 24HR SA,,
BIGUANIDESS,METFORMIN,METFORMIN SA,,
BIGUANIDESS,METFORMIN,METFORMIN SR,,
BIGUANIDESS,METFORMIN,METFORMIN SR 24HR,,
BIGUANIDESS,METFORMIN,METFORMIN TAB,,
BIGUANIDESS,METFORMIN,METFORMIN XR,,
BIGUANIDESS,METFORMIN,METFORMIN XR (CAPLET),,
BIGUANIDESS,METFORMIN,METFORMIN/HYDROCHLOR,,
BIGUANIDESS,METFORMIN,METFORMINER,,
BIGUANIDESS,METFORMIN,METFORMING HCL,,
BIGUANIDESS,METFORMIN,METFORMMIN HCL (OSM) 24HR,,
BIGUANIDESS,METFORMIN,METFPORMIN HCL,,
BIGUANIDESS,METFORMIN,METFROMIN (GLUCOPHAGE),,
BIGUANIDESS,METFORMIN,METFROMIN HCL,,
BIGUANIDESS,METFORMIN,METOFORMIN,,
BIGUANIDESS,METFORMIN,METRORMIN,,
BIGUANIDESS,METFORMIN,MMETFORMIN,,
BIGUANIDESS,METFORMIN,N/F METFORMIN HCL SA,,
BIGUANIDESS,METFORMIN,NETFORMIN HCL XR,,
BIGUANIDESS,METFORMIN,RIOMET,,
BIGUANIDESS,METFORMIN,RIOMET (CHERRY),,
DIPEPTIDYL PEPTIDASE 4 INHIBITORS,ALOGLIPTIN,ALOGLIPTIN,,
DIPEPTIDYL PEPTIDASE 4 INHIBITORS,ALOGLIPTIN,NESINA,,
DIPEPTIDYL PEPTIDASE 4 INHIBITORS,DIPEPTIDYL PEPTIDASE 4 INHIBITORS,DIPEPTIDYL PEPTIDASE 4 INHIBITORS,,
DIPEPTIDYL PEPTIDASE 4 INHIBITORS,LINAGLIPTIN,KGC,,
DIPEPTIDYL PEPTIDASE 4 INHIBITORS,LINAGLIPTIN,LINAGLIPTIN,,
DIPEPTIDYL PEPTIDASE 4 INHIBITORS,LINAGLIPTIN,TRADJENTA,,
DIPEPTIDYL PEPTIDASE 4 INHIBITORS,LINAGLIPTIN,TRADJENTA TAB,,
DIPEPTIDYL PEPTIDASE 4 INHIBITORS,SAXAGLIPTIN,ONGLYZA,,
DIPEPTIDYL PEPTIDASE 4 INHIBITORS,SAXAGLIPTIN,ONGLYZA 5 MG,,
DIPEPTIDYL PEPTIDASE 4 INHIBITORS,SAXAGLIPTIN,ONGLYZA HCL,,
DIPEPTIDYL PEPTIDASE 4 INHIBITORS,SAXAGLIPTIN,SAXAGLIPTIN,,
DIPEPTIDYL PEPTIDASE 4 INHIBITORS,SAXAGLIPTIN,SAXAGLIPTIN HCL,,
DIPEPTIDYL PEPTIDASE 4 INHIBITORS,SAXAGLIPTIN,SAXAGLIPTIN HCL TAB,,
DIPEPTIDYL PEPTIDASE 4 INHIBITORS,SAXAGLIPTIN,SAXAGLIPTON HCL,,
DIPEPTIDYL PEPTIDASE 4 INHIBITORS,SITAGLIPTIN,JANUIVA,,
DIPEPTIDYL PEPTIDASE 4 INHIBITORS,SITAGLIPTIN,JANUVIA,,
DIPEPTIDYL PEPTIDASE 4 INHIBITORS,SITAGLIPTIN,JANUVIA (FILM-COATED),,
DIPEPTIDYL PEPTIDASE 4 INHIBITORS,SITAGLIPTIN,JANUVIA 50MG,,
DIPEPTIDYL PEPTIDASE 4 INHIBITORS,SITAGLIPTIN,JANUVIA TAB,,
DIPEPTIDYL PEPTIDASE 4 INHIBITORS,SITAGLIPTIN,SITAGLIPIN PHOSPHATE,,
DIPEPTIDYL PEPTIDASE 4 INHIBITORS,SITAGLIPTIN,SITAGLIPTIN,,
DIPEPTIDYL PEPTIDASE 4 INHIBITORS,SITAGLIPTIN,SITAGLIPTIN (JANUVIA),,
DIPEPTIDYL PEPTIDASE 4 INHIBITORS,SITAGLIPTIN,SITAGLIPTIN PHOPHATE,,
DIPEPTIDYL PEPTIDASE 4 INHIBITORS,SITAGLIPTIN,SITAGLIPTIN PHOSPHATE,,
DIPEPTIDYL PEPTIDASE 4 INHIBITORS,SITAGLIPTIN,SITAGLIPTON PHOSPHATE,,
GLP-1 RECEPTOR AGONISTS,DULAGLUTIDE,DULAGLUTIDE,,
GLP-1 RECEPTOR AGONISTS,DULAGLUTIDE,DULAGLUTIDE PEN-INJECTOR,,
GLP-1 RECEPTOR AGONISTS,DULAGLUTIDE,DULAGLUTIDE SOLN PEN-INJECTOR,,
GLP-1 RECEPTOR AGONISTS,DULAGLUTIDE,TRULICITY,,
GLP-1 RECEPTOR AGONISTS,DULAGLUTIDE,TRULICITY INJ,,
GLP-1 RECEPTOR AGONISTS,DULAGLUTIDE,TRULICITY INJ 1.5/0.5,,
GLP-1 RECEPTOR AGONISTS,EXENATIDE,BYDUREON,,
GLP-1 RECEPTOR AGONISTS,EXENATIDE,BYDUREON BC,,
GLP-1 RECEPTOR AGONISTS,EXENATIDE,BYDUREON PEN,,
GLP-1 RECEPTOR AGONISTS,EXENATIDE,BYETTA,,
GLP-1 RECEPTOR AGONISTS,EXENATIDE,BYETTA (10MCG PER DOSEX60 DOSE),,
GLP-1 RECEPTOR AGONISTS,EXENATIDE,BYETTA (5MCG PER DOSEX60 DOSE),,
GLP-1 RECEPTOR AGONISTS,EXENATIDE,BYETTA PREFILLED PEN,,
GLP-1 RECEPTOR AGONISTS,EXENATIDE,EXENATIDE MICROSPHERES,,
GLP-1 RECEPTOR AGONISTS,EXENATIDE,EXENATIDE MIROSPHERES,,
GLP-1 RECEPTOR AGONISTS,GLP-1 RECEPTOR AGONISTS,GLP-1 RECEPTOR AGONISTS,,
GLP-1 RECEPTOR AGONISTS,INCRETIN MIMETICS,INCRETIN MIMETICS,,
GLP-1 RECEPTOR AGONISTS,LIRAGLUTIDE,LIRAGLUTIDE,,
GLP-1 RECEPTOR AGONISTS,LIRAGLUTIDE,LIRAGLUTIDE/PLACEBO (VICTOZA),,
GLP-1 RECEPTOR AGONISTS,LIRAGLUTIDE,SAXENDA,,
GLP-1 RECEPTOR AGONISTS,LIRAGLUTIDE,VICTOZA,,
GLP-1 RECEPTOR AGONISTS,LIRAGLUTIDE,VICTOZA 18MG/3ML INJ,,
GLP-1 RECEPTOR AGONISTS,LIRAGLUTIDE,VICTOZA INJ,,
GLP-1 RECEPTOR AGONISTS,SEMAGLUTIDE,OZEMPIC,,
GLP-1 RECEPTOR AGONISTS,SEMAGLUTIDE,RYBELSUS,,
GLP-1 RECEPTOR AGONISTS,SEMAGLUTIDE,SEMAGLUTIDE,,
GLP-1 RECEPTOR AGONISTS,SEMAGLUTIDE,WEGOVY,,
INSULIN,INSULIN,INSULIN,Insulin ,Unknown
INSULIN,INSULIN ASPART,ASPART (NOVO FLEXPEN),Bolus ,Analog
INSULIN,INSULIN ASPART,ASPART INSULIN,Bolus ,Analog
INSULIN,INSULIN ASPART,ASPART INSULIN (NOVOLOG),Bolus ,Analog
INSULIN,INSULIN ASPART,ASPART NOVOL,Bolus ,Analog
INSULIN,INSULIN ASPART,"ASPART,HUMAN, ISULIN",Bolus ,Analog
INSULIN,INSULIN ASPART,ASPART/NOVO FLEXPEN,Bolus ,Analog
INSULIN,INSULIN ASPART,FIASP,Bolus ,Analog
INSULIN,INSULIN ASPART,FIASP FLEX,Bolus ,Analog
INSULIN,INSULIN ASPART,FLEXPEN,Bolus ,Analog
INSULIN,INSULIN ASPART,INSULIN,Bolus ,Analog
INSULIN,INSULIN ASPART,INSULIN ASP (NOVOLOG FLEXPEN),Bolus ,Analog
INSULIN,INSULIN ASPART,INSULIN ASPA,Bolus ,Analog
INSULIN,INSULIN ASPART,INSULIN ASPART,Bolus ,Analog
INSULIN,INSULIN ASPART,INSULIN ASPART 100U/ML,Bolus ,Analog
INSULIN,INSULIN ASPART,INSULIN ASPART 100UN/ML NOVO FLEXPEN 3 ML,Bolus ,Analog
INSULIN,INSULIN ASPART,INSULIN ASPART FLEXPEN,Bolus ,Analog
INSULIN,INSULIN ASPART,INSULIN ASPART FLEXPEN 100,Bolus ,Analog
INSULIN,INSULIN ASPART,INSULIN ASPART FLEXPEN-INJECTOR,Bolus ,Analog
INSULIN,INSULIN ASPART,INSULIN ASPART HUMAN,Bolus ,Analog
INSULIN,INSULIN ASPART,INSULIN ASPART HUMAN 100 UNIT/ML,Bolus ,Analog
INSULIN,INSULIN ASPART,INSULIN ASPART HUMAN 100 UNIT/ML INJ,Bolus ,Analog
INSULIN,INSULIN ASPART,INSULIN ASPART NOVO FLEXPEN,Bolus ,Analog
INSULIN,INSULIN ASPART,INSULIN ASPART NOVOLG FLEXPEN,Bolus ,Analog
INSULIN,INSULIN ASPART,INSULIN ASPART NOVOLOG,Bolus ,Analog
INSULIN,INSULIN ASPART,INSULIN ASPART PEN,Bolus ,Analog
INSULIN,INSULIN ASPART,INSULIN ASPART SOLN PEN-INJECTOR 100 UNIT,Bolus ,Analog
INSULIN,INSULIN ASPART,INSULIN ASPART U-100,Bolus ,Analog
INSULIN,INSULIN ASPART,"INSULIN ASPART, HUMAN",Bolus ,Analog
INSULIN,INSULIN ASPART,"INSULIN, ASPART",Bolus ,Analog
INSULIN,INSULIN ASPART,"INSULIN, ASPART ( NOVO FLEXPEN 3 ML )",Bolus ,Analog
INSULIN,INSULIN ASPART,"INSULIN, ASPART (NOVO FLEXPEN)",Bolus ,Analog
INSULIN,INSULIN ASPART,"INSULIN, ASPART 100UN/ML NOVO FLEXPEN",Bolus ,Analog
INSULIN,INSULIN ASPART,"INSULIN, ASPART 100UN/ML NOVO FLEXPEN 3ML",Bolus ,Analog
INSULIN,INSULIN ASPART,"INSULIN, ASPART NOVO",Bolus ,Analog
INSULIN,INSULIN ASPART,"INSULIN, ASPART NOVO FLEXPEN",Bolus ,Analog
INSULIN,INSULIN ASPART,"INSULIN, ASPART, HUMAN",Bolus ,Analog
INSULIN,INSULIN ASPART,"INSULIN,ASPART,HUMAN",Bolus ,Analog
INSULIN,INSULIN ASPART,INSULIN/ASPART/HUMAN,Bolus ,Analog
INSULIN,INSULIN ASPART,NOVO FLEXPEN,Bolus ,Analog
INSULIN,INSULIN ASPART,NOVO FLEXPEN INSULIN,Bolus ,Analog
INSULIN,INSULIN ASPART,NOVOLIN INJ FLEXPEN,Bolus ,Analog
INSULIN,INSULIN ASPART,NOVOLIN N,Bolus ,Analog
INSULIN,INSULIN ASPART,NOVOLOG,Bolus ,Analog
INSULIN,INSULIN ASPART,NOVOLOG (PENFILL CARTRIDGE),Bolus ,Analog
INSULIN,INSULIN ASPART,NOVOLOG (VIAL),Bolus ,Analog
INSULIN,INSULIN ASPART,NOVOLOG 100 U/ML VIAL,Bolus ,Analog
INSULIN,INSULIN ASPART,NOVOLOG EQ U-100 SUBQ PEN,Bolus ,Analog
INSULIN,INSULIN ASPART,NOVOLOG FLEX,Bolus ,Analog
INSULIN,INSULIN ASPART,NOVOLOG FLEXPEN,Bolus ,Analog
INSULIN,INSULIN ASPART,NOVOLOG FLEXPEN (PREFILLED SYRINGE),Bolus ,Analog
INSULIN,INSULIN ASPART,NOVOLOG FLEXPEN INSULIN ASPART,Bolus ,Analog
INSULIN,INSULIN ASPART,NOVOLOG FLEXPEN SOPN,Bolus ,Analog
INSULIN,INSULIN ASPART,NOVOLOG HUMAN,Bolus ,Analog
INSULIN,INSULIN ASPART,NOVOLOG INJ,Bolus ,Analog
INSULIN,INSULIN ASPART,NOVOLOG INJ FLEXPEN,Bolus ,Analog
INSULIN,INSULIN ASPART,NOVOLOG INSULIN,Bolus ,Analog
INSULIN,INSULIN ASPART,NOVOLOG MIX FLEXPEN,Bolus ,Analog
INSULIN,INSULIN ASPART,NOVOLOG PEN,Bolus ,Analog
INSULIN,INSULIN ASPART,NOVOLOG PENFILL,Bolus ,Analog
INSULIN,INSULIN ASPART,NOVOLOG PENFILL 3ML,Bolus ,Analog
INSULIN,INSULIN ASPART,NOVOLOG PENFILL 3ML CARTRIDGES,Bolus ,Analog
INSULIN,INSULIN ASPART,NOVOLOG PENFILL INJEC,Bolus ,Analog
INSULIN,INSULIN ASPART,NOVOLOG U-100,Bolus ,Analog
INSULIN,INSULIN ASPART,NOVOLOG U-100 INSULIN,Bolus ,Analog
INSULIN,INSULIN ASPART-INSULIN ASPART PROTAMINE,70/30 NOVOLOG,Pre-mixed ,Human
INSULIN,INSULIN ASPART-INSULIN ASPART PROTAMINE,INS ASP PROT,Pre-mixed ,Human
INSULIN,INSULIN ASPART-INSULIN ASPART PROTAMINE,INSULIN ASPA,Pre-mixed ,Human
INSULIN,INSULIN ASPART-INSULIN ASPART PROTAMINE,INSULIN ASPART 70/30,Pre-mixed ,Human
INSULIN,INSULIN ASPART-INSULIN ASPART PROTAMINE,NOVOLOG,Pre-mixed ,Human
INSULIN,INSULIN ASPART-INSULIN ASPART PROTAMINE,NOVOLOG 70/30,Pre-mixed ,Human
INSULIN,INSULIN ASPART-INSULIN ASPART PROTAMINE,NOVOLOG 70/30 MIX FLEXPEN,Pre-mixed ,Human
INSULIN,INSULIN ASPART-INSULIN ASPART PROTAMINE,NOVOLOG FLEXPEN,Pre-mixed ,Human
INSULIN,INSULIN ASPART-INSULIN ASPART PROTAMINE,NOVOLOG FLEXPEN 70/30 5X3ML,Pre-mixed ,Human
INSULIN,INSULIN ASPART-INSULIN ASPART PROTAMINE,NOVOLOG INSULIN,Pre-mixed ,Human
INSULIN,INSULIN ASPART-INSULIN ASPART PROTAMINE,NOVOLOG MIX,Pre-mixed ,Human
INSULIN,INSULIN ASPART-INSULIN ASPART PROTAMINE,NOVOLOG MIX 70/30,Pre-mixed ,Human
INSULIN,INSULIN ASPART-INSULIN ASPART PROTAMINE,"NOVOLOG MIX 70/30 (FLEXPEN,SRN PREFILLED)",Pre-mixed ,Human
INSULIN,INSULIN ASPART-INSULIN ASPART PROTAMINE,NOVOLOG MIX 70/30 (PENFILL CARTRIDGE),Pre-mixed ,Human
INSULIN,INSULIN ASPART-INSULIN ASPART PROTAMINE,NOVOLOG MIX 70/30 (VIAL),Pre-mixed ,Human
INSULIN,INSULIN ASPART-INSULIN ASPART PROTAMINE,NOVOLOG MIX 70/30 FLEXPEN,Pre-mixed ,Human
INSULIN,INSULIN ASPART-INSULIN ASPART PROTAMINE,NOVOLOG MIX 70/30 FLEXPEN SYRINGE,Pre-mixed ,Human
INSULIN,INSULIN ASPART-INSULIN ASPART PROTAMINE,NOVOLOG MIX FPEN,Pre-mixed ,Human
INSULIN,INSULIN ASPART-INSULIN ASPART PROTAMINE,NOVOLOG MIX INJ FLEXPEN,Pre-mixed ,Human
INSULIN,INSULIN DEGLUDEC,TRESIBA,Basal ,Analog
INSULIN,INSULIN DEGLUDEC,TRESIBA FLEX,Basal ,Analog
INSULIN,INSULIN DEGLUDEC,TRESIBA FLEX 200UNIT,Basal ,Analog
INSULIN,INSULIN DEGLUDEC,TRESIBA FLEX INJ 100UNIT,Basal ,Analog
INSULIN,INSULIN DEGLUDEC,TRESIBA FLEXTOU,Basal ,Analog
INSULIN,INSULIN DEGLUDEC,TRESIBA FLEXTOUCH,Basal ,Analog
INSULIN,INSULIN DETEMIR,DETEMIR,Basal ,Analog
INSULIN,INSULIN DETEMIR,DETEMIR 100 UNIT/ ML FLEXTOUCH,Basal ,Analog
INSULIN,INSULIN DETEMIR,DETEMIR 100 UNIT/ML FLEXTOUCH,Basal ,Analog
INSULIN,INSULIN DETEMIR,"DETEMIR, HUMAN, INSULIN",Basal ,Analog
INSULIN,INSULIN DETEMIR,"DETEMIR,HUMAN, INSULIN",Basal ,Analog
INSULIN,INSULIN DETEMIR,DETEMIR/FLEXTOUCH,Basal ,Analog
INSULIN,INSULIN DETEMIR,FLEXTOUCH,Basal ,Analog
INSULIN,INSULIN DETEMIR,INSULIN DETEMIR,Basal ,Analog
INSULIN,INSULIN DETEMIR,INSULIN DETEMIR 100 UNITS/ML,Basal ,Analog
INSULIN,INSULIN DETEMIR,INSULIN DETEMIR 100UNIT/ML FLEXPIN 3 ML,Basal ,Analog
INSULIN,INSULIN DETEMIR,INSULIN DETEMIR FLEXPEN,Basal ,Analog
INSULIN,INSULIN DETEMIR,INSULIN DETEMIR FLEXTOUCH,Basal ,Analog
INSULIN,INSULIN DETEMIR,INSULIN DETEMIR HUMAN,Basal ,Analog
INSULIN,INSULIN DETEMIR,INSULIN DETEMIR HUMAN 100 UNIT/ML INJ,Basal ,Analog
INSULIN,INSULIN DETEMIR,INSULIN DETEMIR INJ 100,Basal ,Analog
INSULIN,INSULIN DETEMIR,INSULIN DETEMIR SOLN PEN-INJECTOR,Basal ,Analog
INSULIN,INSULIN DETEMIR,INSULIN DETEMIR SOLN PEN-INJECTOR FLEXTOUCH,Basal ,Analog
INSULIN,INSULIN DETEMIR,INSULIN DETEMIR U-100,Basal ,Analog
INSULIN,INSULIN DETEMIR,"INSULIN, DETEMIR",Basal ,Analog
INSULIN,INSULIN DETEMIR,"INSULIN, DETEMIR FLEXTOUCH",Basal ,Analog
INSULIN,INSULIN DETEMIR,"INSULIN, DETEMIR, HUMAN",Basal ,Analog
INSULIN,INSULIN DETEMIR,"INSULIN, DETERMIR, HUMAN",Basal ,Analog
INSULIN,INSULIN DETEMIR,"INSULIN,DETEMIR,HUMAN",Basal ,Analog
INSULIN,INSULIN DETEMIR,INSULIN/DETEMIR/HUMAN,Basal ,Analog
INSULIN,INSULIN DETEMIR,LEVEMIR,Basal ,Analog
INSULIN,INSULIN DETEMIR,"LEVEMIR (5X3ML,FLEXPEN)",Basal ,Analog
INSULIN,INSULIN DETEMIR,LEVEMIR 100 UN/ML FLEXPEN PEN,Basal ,Analog
INSULIN,INSULIN DETEMIR,LEVEMIR FLEXPEN,Basal ,Analog
INSULIN,INSULIN DETEMIR,LEVEMIR FLEXPEN PA,Basal ,Analog
INSULIN,INSULIN DETEMIR,LEVEMIR FLEXTOUC,Basal ,Analog
INSULIN,INSULIN DETEMIR,LEVEMIR FLEXTOUCH,Basal ,Analog
INSULIN,INSULIN DETEMIR,LEVEMIR FLEXTOUCH PEN,Basal ,Analog
INSULIN,INSULIN DETEMIR,LEVEMIR INJ FLEXPEN,Basal ,Analog
INSULIN,INSULIN DETEMIR,LEVEMIR INJ FLEXTOUC,Basal ,Analog
INSULIN,INSULIN DETEMIR,LEVEMIR PLEXPEN,Basal ,Analog
INSULIN,INSULIN DETEMIR,LEVEMIS,Basal ,Analog
INSULIN,INSULIN DETEMIR,LEVIMIR,Basal ,Analog
INSULIN,INSULIN DETEMIR,LEVMIR,Basal ,Analog
INSULIN,INSULIN GLARGINE,BASAGLAR,Basal ,Analog
INSULIN,INSULIN GLARGINE,BASAGLAR 100UNIT,Basal ,Analog
INSULIN,INSULIN GLARGINE,BASAGLAR INJ KWIKPEN,Basal ,Analog
INSULIN,INSULIN GLARGINE,BASAGLAR INJ KWIKPEN 100UNIT,Basal ,Analog
INSULIN,INSULIN GLARGINE,BASAGLAR KWIKPEN,Basal ,Analog
INSULIN,INSULIN GLARGINE,GLARGINE,Basal ,Analog
INSULIN,INSULIN GLARGINE,GLARGINE HUMAN INSULIN,Basal ,Analog
INSULIN,INSULIN GLARGINE,GLARGINE INSULIN HUMAN,Basal ,Analog
INSULIN,INSULIN GLARGINE,GLARGINE SOLASTAR,Basal ,Analog
INSULIN,INSULIN GLARGINE,GLARGINE SOLOSTAR,Basal ,Analog
INSULIN,INSULIN GLARGINE,"GLARGINE,HUMAN",Basal ,Analog
INSULIN,INSULIN GLARGINE,INS - LANTUS,Basal ,Analog
INSULIN,INSULIN GLARGINE,INS LANTUS,Basal ,Analog
INSULIN,INSULIN GLARGINE,INS LANTUS SOLOSTAR,Basal ,Analog
INSULIN,INSULIN GLARGINE,"INSLULIN GLARGINE, HUMAN",Basal ,Analog
INSULIN,INSULIN GLARGINE,INSULIN (GLARGINE) HUM,Basal ,Analog
INSULIN,INSULIN GLARGINE,INSULIN GL (SOLOSTAR LANTUS),Basal ,Analog
INSULIN,INSULIN GLARGINE,INSULIN GLAGINE HUMAN,Basal ,Analog
INSULIN,INSULIN GLARGINE,INSULIN GLARGIN,Basal ,Analog
INSULIN,INSULIN GLARGINE,INSULIN GLARGINE,Basal ,Analog
INSULIN,INSULIN GLARGINE,INSULIN GLARGINE (LANTUS),Basal ,Analog
INSULIN,INSULIN GLARGINE,INSULIN GLARGINE (SOLOSTAR),Basal ,Analog
INSULIN,INSULIN GLARGINE,INSULIN GLARGINE 3 ML SOLOSTAR,Basal ,Analog
INSULIN,INSULIN GLARGINE,INSULIN GLARGINE HUMAN,Basal ,Analog
INSULIN,INSULIN GLARGINE,INSULIN GLARGINE HUMAN RECOMBIANT ANALOG 100U/ML,Basal ,Analog
INSULIN,INSULIN GLARGINE,INSULIN GLARGINE INJ 100 UNIT,Basal ,Analog
INSULIN,INSULIN GLARGINE,INSULIN GLARGINE PEN,Basal ,Analog
INSULIN,INSULIN GLARGINE,INSULIN GLARGINE SOLASTAR,Basal ,Analog
INSULIN,INSULIN GLARGINE,INSULIN GLARGINE SOLN PEN-INJECTOR,Basal ,Analog
INSULIN,INSULIN GLARGINE,INSULIN GLARGINE SOLN PEN-INJECTOR 100 UNIT,Basal ,Analog
INSULIN,INSULIN GLARGINE,INSULIN GLARGINE SOLOSAR PEN,Basal ,Analog
INSULIN,INSULIN GLARGINE,INSULIN GLARGINE SOLOSTAR,Basal ,Analog
INSULIN,INSULIN GLARGINE,INSULIN GLARGINE SOLOSTAR PEN,Basal ,Analog
INSULIN,INSULIN GLARGINE,INSULIN GLARGINE U-100,Basal ,Analog
INSULIN,INSULIN GLARGINE,"INSULIN GLARGINE, HUM.REC.ANLOG",Basal ,Analog
INSULIN,INSULIN GLARGINE,"INSULIN GLARGINE, HUMAN",Basal ,Analog
INSULIN,INSULIN GLARGINE,"INSULIN GLARGINE, HUMAN RECOMBINANT ANALOG",Basal ,Analog
INSULIN,INSULIN GLARGINE,INSULIN GLARGINE/SOLOSTAR,Basal ,Analog
INSULIN,INSULIN GLARGINE,INSULIN HUMAN GLARGINE,Basal ,Analog
INSULIN,INSULIN GLARGINE,"INSULIN, GLARGINE",Basal ,Analog
INSULIN,INSULIN GLARGINE,"INSULIN, GLARGINE (LANTUS)",Basal ,Analog
INSULIN,INSULIN GLARGINE,"INSULIN, GLARGINE (SOLOSTAR)",Basal ,Analog
INSULIN,INSULIN GLARGINE,"INSULIN, GLARGINE HUMAN",Basal ,Analog
INSULIN,INSULIN GLARGINE,"INSULIN, GLARGINE SOLOSTAR",Basal ,Analog
INSULIN,INSULIN GLARGINE,"INSULIN, GLARGINE, HUMAN",Basal ,Analog
INSULIN,INSULIN GLARGINE,"INSULIN, GLARGINE, HUMAN 100 UNIT/ML INJ",Basal ,Analog
INSULIN,INSULIN GLARGINE,"INSULIN, GLARGINE, HUMAN 100UNIT/ML",Basal ,Analog
INSULIN,INSULIN GLARGINE,"INSULIN, GLARGINE, SOLOSTAR",Basal ,Analog
INSULIN,INSULIN GLARGINE,"INSULIN, GLARGINE,HUMAN",Basal ,Analog
INSULIN,INSULIN GLARGINE,"INSULIN,GLARGINE, HUMAN",Basal ,Analog
INSULIN,INSULIN GLARGINE,"INSULIN,GLARGINE,HUMAN",Basal ,Analog
INSULIN,INSULIN GLARGINE,LAMTUS,Basal ,Analog
INSULIN,INSULIN GLARGINE,LANTIS,Basal ,Analog
INSULIN,INSULIN GLARGINE,LANTUS,Basal ,Analog
INSULIN,INSULIN GLARGINE,LANTUS (GLARGINE) INSULIN,Basal ,Analog
INSULIN,INSULIN GLARGINE,LANTUS (GLARGINE) VI,Basal ,Analog
INSULIN,INSULIN GLARGINE,"LANTUS (U-100,5X3ML)",Basal ,Analog
INSULIN,INSULIN GLARGINE,LANTUS (VIAL),Basal ,Analog
INSULIN,INSULIN GLARGINE,LANTUS 5'S SOLOSTAR,Basal ,Analog
INSULIN,INSULIN GLARGINE,LANTUS CART,Basal ,Analog
INSULIN,INSULIN GLARGINE,LANTUS CARTRIDGE,Basal ,Analog
INSULIN,INSULIN GLARGINE,LANTUS EQ PEN,Basal ,Analog
INSULIN,INSULIN GLARGINE,LANTUS FOR,Basal ,Analog
INSULIN,INSULIN GLARGINE,LANTUS INJ,Basal ,Analog
INSULIN,INSULIN GLARGINE,LANTUS INJ 100U,Basal ,Analog
INSULIN,INSULIN GLARGINE,LANTUS INJ SOLOSTAR,Basal ,Analog
INSULIN,INSULIN GLARGINE,LANTUS INS,Basal ,Analog
INSULIN,INSULIN GLARGINE,LANTUS INSULIN,Basal ,Analog
INSULIN,INSULIN GLARGINE,LANTUS INSULIN GLARGINE,Basal ,Analog
INSULIN,INSULIN GLARGINE,LANTUS INSULIN VIA,Basal ,Analog
INSULIN,INSULIN GLARGINE,LANTUS INSULIN VIAL,Basal ,Analog
INSULIN,INSULIN GLARGINE,LANTUS OPTICLIK,Basal ,Analog
INSULIN,INSULIN GLARGINE,LANTUS OPTICLIK CARTRIDGE,Basal ,Analog
INSULIN,INSULIN GLARGINE,LANTUS SOLO,Basal ,Analog
INSULIN,INSULIN GLARGINE,LANTUS SOLOS,Basal ,Analog
INSULIN,INSULIN GLARGINE,LANTUS SOLOSTAR,Basal ,Analog
INSULIN,INSULIN GLARGINE,LANTUS SOLOSTAR DON,Basal ,Analog
INSULIN,INSULIN GLARGINE,LANTUS SOLOSTAR INJ,Basal ,Analog
INSULIN,INSULIN GLARGINE,LANTUS SOLOSTAR INSULIN,Basal ,Analog
INSULIN,INSULIN GLARGINE,LANTUS SOLOSTAR PEN,Basal ,Analog
INSULIN,INSULIN GLARGINE,LANTUS SOLOSTAR PEN INJ 5X3 ML,Basal ,Analog
INSULIN,INSULIN GLARGINE,LANTUS SOLOSTAR PEN INJ 5X3ML,Basal ,Analog
INSULIN,INSULIN GLARGINE,LANTUS SOLOSTAT,Basal ,Analog
INSULIN,INSULIN GLARGINE,LANTUS SOLSTAR,Basal ,Analog
INSULIN,INSULIN GLARGINE,LANTUS SOLSTAR DON,Basal ,Analog
INSULIN,INSULIN GLARGINE,LANTUS SUBCUTANE (INSULIN),Basal ,Analog
INSULIN,INSULIN GLARGINE,LANTUS U-100 INSULIN,Basal ,Analog
INSULIN,INSULIN GLARGINE,LANTUS U-1000 INSULIN,Basal ,Analog
INSULIN,INSULIN GLARGINE,LANTUS VIAL,Basal ,Analog
INSULIN,INSULIN GLARGINE,LANTUS/INSULIN,Basal ,Analog
INSULIN,INSULIN GLARGINE,SEMGLEE,Basal ,Analog
INSULIN,INSULIN GLARGINE,SEMGLEE SOL,Basal ,Analog
INSULIN,INSULIN GLARGINE,SOLOSTA,Basal ,Analog
INSULIN,INSULIN GLARGINE,SOLOSTA GLARGINE,Basal ,Analog
INSULIN,INSULIN GLARGINE,SOLOSTAR,Basal ,Analog
INSULIN,INSULIN GLARGINE,TOUJEO MAX,Basal ,Analog
INSULIN,INSULIN GLARGINE,TOUJEO MAX SOLOSTAR,Basal ,Analog
INSULIN,INSULIN GLARGINE,TOUJEO SOLO,Basal ,Analog
INSULIN,INSULIN GLARGINE,TOUJEO SOLO INJ,Basal ,Analog
INSULIN,INSULIN GLARGINE,TOUJEO SOLO INJ 300IU,Basal ,Analog
INSULIN,INSULIN GLARGINE,TOUJEO SOLO INJ2,Basal ,Analog
INSULIN,INSULIN GLARGINE,TOUJEO SOLOSTAR,Basal ,Analog
INSULIN,INSULIN GLULISINE,APIDRA,Basal ,Analog
INSULIN,INSULIN GLULISINE,"APIDRA (5X3ML,OPTICLIK PEN)",Basal ,Analog
INSULIN,"INSULIN INHALATION, RAPID ACTING","EXUBERA COMBINATION PACK 12 (1MG&3MG,2RELEASEUNIT)",Insulin ,Other
INSULIN,"INSULIN INHALATION, RAPID ACTING","EXUBERA COMBINATION PACK 15 (1MG&3MG,2RELEASE UNIT",Insulin ,Other
INSULIN,INSULIN ISOPHANE,HUMULIN,Insulin ,Unknown
INSULIN,INSULIN ISOPHANE,HUMULIN N,Basal ,Human
INSULIN,INSULIN ISOPHANE,HUMULIN N (VIAL),Basal ,Human
INSULIN,INSULIN ISOPHANE,HUMULIN N P,Basal ,Human
INSULIN,INSULIN ISOPHANE,HUMULIN N PEN,Basal ,Human
INSULIN,INSULIN ISOPHANE,HUMULIN N PEN (PREFILLED DISPOSABLE),Basal ,Human
INSULIN,INSULIN ISOPHANE,HUMULIN N PEN U,Basal ,Human
INSULIN,INSULIN ISOPHANE,HUMULIN N PN,Basal ,Human
INSULIN,INSULIN ISOPHANE,HUMULIN N PN U-100,Basal ,Human
INSULIN,INSULIN ISOPHANE,HUMULIN N U-100,Basal ,Human
INSULIN,INSULIN ISOPHANE,HUMULIN N U100,Basal ,Human
INSULIN,INSULIN ISOPHANE,HUMULIN N VIAL,Basal ,Human
INSULIN,INSULIN ISOPHANE,HUMULIN N VIAL U,Basal ,Human
INSULIN,INSULIN ISOPHANE,HUMULIN NPH,Basal ,Human
INSULIN,INSULIN ISOPHANE,HUMULIN NPH U-100,Basal ,Human
INSULIN,INSULIN ISOPHANE,ILETIN NPH,Basal ,Human
INSULIN,INSULIN ISOPHANE,INSULIN,Basal ,Human
INSULIN,INSULIN ISOPHANE,INSULIN (NOVOLIN) NPH,Basal ,Human
INSULIN,INSULIN ISOPHANE,INSULIN ASPART,Remove,
INSULIN,INSULIN ISOPHANE,INSULIN DETEMIR,Remove,
INSULIN,INSULIN ISOPHANE,INSULIN GLARGINE,Remove,
INSULIN,INSULIN ISOPHANE,INSULIN GLARGINE (LANTUS),Remove,
INSULIN,INSULIN ISOPHANE,INSULIN HUMAN NPH,Basal ,Human
INSULIN,INSULIN ISOPHANE,INSULIN HUMAN NPH U-100,Basal ,Human
INSULIN,INSULIN ISOPHANE,INSULIN HUMAN REGULAR,Basal ,Human
INSULIN,INSULIN ISOPHANE,INSULIN HUMAN SEMIS,Basal ,Human
INSULIN,INSULIN ISOPHANE,INSULIN NOVOLIN,Basal ,Human
INSULIN,INSULIN ISOPHANE,INSULIN NOVOLIN NPH,Basal ,Human
INSULIN,INSULIN ISOPHANE,INSULIN NPH,Basal ,Human
INSULIN,INSULIN ISOPHANE,INSULIN NPH (HUMAN),Basal ,Human
INSULIN,INSULIN ISOPHANE,INSULIN NPH HUMAN,Basal ,Human
INSULIN,INSULIN ISOPHANE,INSULIN NPH HUMAN INNOLET,Basal ,Human
INSULIN,INSULIN ISOPHANE,INSULIN NPH HUMAN N,Basal ,Human
INSULIN,INSULIN ISOPHANE,INSULIN NPH HUMAN NOVOLIN,Basal ,Human
INSULIN,INSULIN ISOPHANE,INSULIN NPH HUMAN NOVOLIN N,Basal ,Human
INSULIN,INSULIN ISOPHANE,INSULIN NPH HUMAN/NOVOLIN,Basal ,Human
INSULIN,INSULIN ISOPHANE,INSULIN NPH HUMAN/NOVOLIN N,Basal ,Human
INSULIN,INSULIN ISOPHANE,INSULIN NPH INJ,Basal ,Human
INSULIN,INSULIN ISOPHANE,INSULIN NPH INJ-T U-100,Basal ,Human
INSULIN,INSULIN ISOPHANE,INSULIN NPH U-100,Basal ,Human
INSULIN,INSULIN ISOPHANE,INSULIN NPH U-100 (HUMAN),Basal ,Human
INSULIN,INSULIN ISOPHANE,INSULIN NPH-REG HUMAN,Basal ,Human
INSULIN,INSULIN ISOPHANE,INSULIN REG HUMAN,Basal ,Human
INSULIN,INSULIN ISOPHANE,"INSULIN, NOVOLIN N",Basal ,Human
INSULIN,INSULIN ISOPHANE,"INSULIN,DETEMIR",Basal ,Human
INSULIN,INSULIN ISOPHANE,LANTUS,Basal ,Human
INSULIN,INSULIN ISOPHANE,NOLOLIN INSULIN NPH,Basal ,Human
INSULIN,INSULIN ISOPHANE,NOVALOG,Basal ,Human
INSULIN,INSULIN ISOPHANE,NOVOLIN,Basal ,Human
INSULIN,INSULIN ISOPHANE,NOVOLIN INSULIN NPH,Basal ,Human
INSULIN,INSULIN ISOPHANE,NOVOLIN N,Basal ,Human
INSULIN,INSULIN ISOPHANE,NOVOLIN N (VIAL),Basal ,Human
INSULIN,INSULIN ISOPHANE,NOVOLIN N 100 UNITS/ML,Basal ,Human
INSULIN,INSULIN ISOPHANE,NOVOLIN N 100U/ML VIAL,Basal ,Human
INSULIN,INSULIN ISOPHANE,"NOVOLIN N INNOLET (SRN, PREFILLED)",Basal ,Human
INSULIN,INSULIN ISOPHANE,NOVOLIN N INSULIN,Basal ,Human
INSULIN,INSULIN ISOPHANE,NOVOLIN N INSULIN INJ,Basal ,Human
INSULIN,INSULIN ISOPHANE,NOVOLIN N PENFILL (SRN),Basal ,Human
INSULIN,INSULIN ISOPHANE,NOVOLIN N U-100,Basal ,Human
INSULIN,INSULIN ISOPHANE,NOVOLIN NPH,Basal ,Human
INSULIN,INSULIN ISOPHANE,NPH (HUMAN) INSULIN,Basal ,Human
INSULIN,INSULIN ISOPHANE,NPH (HUMAN) U-100 INSULIN,Basal ,Human
INSULIN,INSULIN ISOPHANE,NPH INSULIN,Basal ,Human
INSULIN,INSULIN ISOPHANE,RELION HUMULIN N U,Basal ,Human
INSULIN,INSULIN ISOPHANE,RELION/NOVO N,Basal ,Human
INSULIN,INSULIN ISOPHANE,RELION/NOVO R,Basal ,Human
INSULIN,INSULIN ISOPHANE,RELION/NOVOLIN N (VIAL),Basal ,Human
INSULIN,INSULIN ISOPHANE (NPH),HUMILIN,Basal ,Human
INSULIN,INSULIN ISOPHANE (NPH),HUMULIN,Basal ,Human
INSULIN,INSULIN ISOPHANE (NPH),HUMULIN N,Basal ,Human
INSULIN,INSULIN ISOPHANE (NPH),HUMULIN N KWIKPEN,Basal ,Human
INSULIN,INSULIN ISOPHANE (NPH),HUMULIN N PN,Basal ,Human
INSULIN,INSULIN ISOPHANE (NPH),HUMULIN-N KWIKPEN,Basal ,Human
INSULIN,INSULIN ISOPHANE (NPH),INS NOVOLIN N U-100,Basal ,Human
INSULIN,INSULIN ISOPHANE (NPH),INSULIN DETEMIR 100UNIT/ML FLEXPIN 3 ML,Basal ,Human
INSULIN,INSULIN ISOPHANE (NPH),INSULIN DETEMIT 100UNITS/ML,Basal ,Human
INSULIN,INSULIN ISOPHANE (NPH),INSULIN NOVOLIN,Basal ,Human
INSULIN,INSULIN ISOPHANE (NPH),INSULIN NPH (HUMAN),Basal ,Human
INSULIN,INSULIN ISOPHANE (NPH),INSULIN NPH HUMAN,Basal ,Human
INSULIN,INSULIN ISOPHANE (NPH),INSULIN NPH HUMAN NOVOLIN N,Basal ,Human
INSULIN,INSULIN ISOPHANE (NPH),"INSULIN, ASPART 100 UNIT/ML NOVO FLEXPEN 3ML",Basal ,Human
INSULIN,INSULIN ISOPHANE (NPH),"INSULIN, ASPART NOVO FLEXPEN",Basal ,Human
INSULIN,INSULIN ISOPHANE (NPH),"INSULIN, DETEMIR, HUMAN",Basal ,Human
INSULIN,INSULIN ISOPHANE (NPH),"INSULIN, GLARGINE, HUMAN",Basal ,Human
INSULIN,INSULIN ISOPHANE (NPH),LANTUS SOLOSTAR,Basal ,Human
INSULIN,INSULIN ISOPHANE (NPH),NOVLIN N,Basal ,Human
INSULIN,INSULIN ISOPHANE (NPH),NOVOLIN N,Basal ,Human
INSULIN,INSULIN ISOPHANE (NPH),NOVOLIN N INSULIN,Basal ,Human
INSULIN,INSULIN ISOPHANE (NPH),SOLOSTAR,Basal ,Human
INSULIN,INSULIN ISOPHANE (NPH),TECHLITE 25G,Basal ,Human
INSULIN,INSULIN ISOPHANE (NPH)-INSULIN REGULAR,HUMULIN,Pre-mixed ,Human
INSULIN,INSULIN ISOPHANE (NPH)-INSULIN REGULAR,HUMULIN 70/30,Pre-mixed ,Human
INSULIN,INSULIN ISOPHANE (NPH)-INSULIN REGULAR,HUMULIN PEN,Pre-mixed ,Human
INSULIN,INSULIN ISOPHANE (NPH)-INSULIN REGULAR,NOVOLIN,Pre-mixed ,Human
INSULIN,INSULIN ISOPHANE (NPH)-INSULIN REGULAR,NOVOLIN70/30,Pre-mixed ,Human
INSULIN,INSULIN ISOPHANE-INSULIN REGULAR,HUMAN U,Pre-mixed ,Human
INSULIN,INSULIN ISOPHANE-INSULIN REGULAR,HUMILIN 70/30,Pre-mixed ,Human
INSULIN,INSULIN ISOPHANE-INSULIN REGULAR,HUMULIN,Pre-mixed ,Human
INSULIN,INSULIN ISOPHANE-INSULIN REGULAR,HUMULIN 100U,Pre-mixed ,Human
INSULIN,INSULIN ISOPHANE-INSULIN REGULAR,HUMULIN 50/50 (VIAL),Pre-mixed ,Human
INSULIN,INSULIN ISOPHANE-INSULIN REGULAR,HUMULIN 70-30,Pre-mixed ,Human
INSULIN,INSULIN ISOPHANE-INSULIN REGULAR,HUMULIN 70/30,Pre-mixed ,Human
INSULIN,INSULIN ISOPHANE-INSULIN REGULAR,HUMULIN 70/30 (VIAL),Pre-mixed ,Human
INSULIN,INSULIN ISOPHANE-INSULIN REGULAR,HUMULIN 70/30 PEN,Pre-mixed ,Human
INSULIN,INSULIN ISOPHANE-INSULIN REGULAR,HUMULIN 70/30 PEN (PREFILLED DISPOSABLE),Pre-mixed ,Human
INSULIN,INSULIN ISOPHANE-INSULIN REGULAR,HUMULIN INJ 70/30,Pre-mixed ,Human
INSULIN,INSULIN ISOPHANE-INSULIN REGULAR,HUMULIN PEN,Pre-mixed ,Human
INSULIN,INSULIN ISOPHANE-INSULIN REGULAR,HUMULIN PEN 70/30,Pre-mixed ,Human
INSULIN,INSULIN ISOPHANE-INSULIN REGULAR,INSULIN,Pre-mixed ,Human
INSULIN,INSULIN ISOPHANE-INSULIN REGULAR,INSULIN ( NOVOLIN)  70/30,Pre-mixed ,Human
INSULIN,INSULIN ISOPHANE-INSULIN REGULAR,INSULIN (NOVOLIN),Pre-mixed ,Human
INSULIN,INSULIN ISOPHANE-INSULIN REGULAR,INSULIN (NOVOLIN) 70/30,Pre-mixed ,Human
INSULIN,INSULIN ISOPHANE-INSULIN REGULAR,INSULIN 70/30,Pre-mixed ,Human
INSULIN,INSULIN ISOPHANE-INSULIN REGULAR,INSULIN 70/30 (NOVOLIN 70/30),Pre-mixed ,Human
INSULIN,INSULIN ISOPHANE-INSULIN REGULAR,INSULIN 70/30 HUMAN,Pre-mixed ,Human
INSULIN,INSULIN ISOPHANE-INSULIN REGULAR,INSULIN HUMAN,Pre-mixed ,Human
INSULIN,INSULIN ISOPHANE-INSULIN REGULAR,INSULIN HUMAN (NPH/REG),Pre-mixed ,Human
INSULIN,INSULIN ISOPHANE-INSULIN REGULAR,INSULIN HUMAN 70/30,Pre-mixed ,Human
INSULIN,INSULIN ISOPHANE-INSULIN REGULAR,INSULIN HUMAN 70/30 (HUMULIN/NOVOLIN),Pre-mixed ,Human
INSULIN,INSULIN ISOPHANE-INSULIN REGULAR,INSULIN HUMULIN KWIKPEN,Pre-mixed ,Human
INSULIN,INSULIN ISOPHANE-INSULIN REGULAR,INSULIN ISOPHANE REG,Pre-mixed ,Human
INSULIN,INSULIN ISOPHANE-INSULIN REGULAR,INSULIN ISOPHANE REG 70-30%,Pre-mixed ,Human
INSULIN,INSULIN ISOPHANE-INSULIN REGULAR,INSULIN ISOPHANE REG INJ 100UNIT,Pre-mixed ,Human
INSULIN,INSULIN ISOPHANE-INSULIN REGULAR,INSULIN NOVOLIN,Pre-mixed ,Human
INSULIN,INSULIN ISOPHANE-INSULIN REGULAR,INSULIN NOVOLIN 70/30,Pre-mixed ,Human
INSULIN,INSULIN ISOPHANE-INSULIN REGULAR,INSULIN NOVOLIN 70/30 (NPH/REG),Pre-mixed ,Human
INSULIN,INSULIN ISOPHANE-INSULIN REGULAR,INSULIN NOVOLIN NOVO DE,Pre-mixed ,Human
INSULIN,INSULIN ISOPHANE-INSULIN REGULAR,INSULIN NOVOLIN NPH/REG,Pre-mixed ,Human
INSULIN,INSULIN ISOPHANE-INSULIN REGULAR,INSULIN NPH & REG HUMAN INSULINE 70-30,Pre-mixed ,Human
INSULIN,INSULIN ISOPHANE-INSULIN REGULAR,INSULIN NPH AND REG HUMAN INSULIN 70-30,Pre-mixed ,Human
INSULIN,INSULIN ISOPHANE-INSULIN REGULAR,INSULIN NPH ISOPHANE & REGULAR HUMAN,Pre-mixed ,Human
INSULIN,INSULIN ISOPHANE-INSULIN REGULAR,INSULIN NPH ISOPHANE & REGULAR HUMAN INJ,Pre-mixed ,Human
INSULIN,INSULIN ISOPHANE-INSULIN REGULAR,INSULIN NPH REGULAR HUMAN 70/30 INJ,Pre-mixed ,Human
INSULIN,INSULIN ISOPHANE-INSULIN REGULAR,INSULIN NPH/REG,Pre-mixed ,Human
INSULIN,INSULIN ISOPHANE-INSULIN REGULAR,INSULIN NPH/REG 70/30,Pre-mixed ,Human
INSULIN,INSULIN ISOPHANE-INSULIN REGULAR,INSULIN NPH/REG HUM,Pre-mixed ,Human
INSULIN,INSULIN ISOPHANE-INSULIN REGULAR,"INSULIN, NOVOLIN 70/30, U-100",Pre-mixed ,Human
INSULIN,INSULIN ISOPHANE-INSULIN REGULAR,"INSULIN,NPH",Pre-mixed ,Human
INSULIN,INSULIN ISOPHANE-INSULIN REGULAR,INSULIN/HUMAN 70/30,Pre-mixed ,Human
INSULIN,INSULIN ISOPHANE-INSULIN REGULAR,NOVLIN 70/30,Pre-mixed ,Human
INSULIN,INSULIN ISOPHANE-INSULIN REGULAR,NOVOLILN 70/30,Pre-mixed ,Human
INSULIN,INSULIN ISOPHANE-INSULIN REGULAR,NOVOLIN,Pre-mixed ,Human
INSULIN,INSULIN ISOPHANE-INSULIN REGULAR,NOVOLIN 70 / 30,Pre-mixed ,Human
INSULIN,INSULIN ISOPHANE-INSULIN REGULAR,NOVOLIN 70/30,Pre-mixed ,Human
INSULIN,INSULIN ISOPHANE-INSULIN REGULAR,"NOVOLIN 70/30 (SRN,PREFILLED)",Pre-mixed ,Human
INSULIN,INSULIN ISOPHANE-INSULIN REGULAR,NOVOLIN 70/30 (VIAL),Pre-mixed ,Human
INSULIN,INSULIN ISOPHANE-INSULIN REGULAR,NOVOLIN 70/30 INJ,Pre-mixed ,Human
INSULIN,INSULIN ISOPHANE-INSULIN REGULAR,NOVOLIN 70/30 INNOLET,Pre-mixed ,Human
INSULIN,INSULIN ISOPHANE-INSULIN REGULAR,"NOVOLIN 70/30 INNOLET (SRN, PREFILLED)",Pre-mixed ,Human
INSULIN,INSULIN ISOPHANE-INSULIN REGULAR,NOVOLIN 70/30 INSULIN,Pre-mixed ,Human
INSULIN,INSULIN ISOPHANE-INSULIN REGULAR,NOVOLIN 70/30 INSULIN IN,Pre-mixed ,Human
INSULIN,INSULIN ISOPHANE-INSULIN REGULAR,NOVOLIN 70/30 PENFILL,Pre-mixed ,Human
INSULIN,INSULIN ISOPHANE-INSULIN REGULAR,NOVOLIN 70/30 PENFILL (SRN),Pre-mixed ,Human
INSULIN,INSULIN ISOPHANE-INSULIN REGULAR,NOVOLIN 70/30PENFILL 70-30U/ML,Pre-mixed ,Human
INSULIN,INSULIN ISOPHANE-INSULIN REGULAR,NOVOLIN FLEXPEN,Pre-mixed ,Human
INSULIN,INSULIN ISOPHANE-INSULIN REGULAR,NOVOLIN INSULIN,Pre-mixed ,Human
INSULIN,INSULIN ISOPHANE-INSULIN REGULAR,NOVOLIN INSULIN 70/30 HUMAN,Pre-mixed ,Human
INSULIN,INSULIN ISOPHANE-INSULIN REGULAR,NOVOLIN NPH REGULAR INSULIN,Pre-mixed ,Human
INSULIN,INSULIN ISOPHANE-INSULIN REGULAR,NOVOLIN70/30,Pre-mixed ,Human
INSULIN,INSULIN ISOPHANE-INSULIN REGULAR,REGULAR NPH INSULIN,Pre-mixed ,Human
INSULIN,INSULIN ISOPHANE-INSULIN REGULAR,RELION HUMULIN,Pre-mixed ,Human
INSULIN,INSULIN ISOPHANE-INSULIN REGULAR,RELION/NOVO,Pre-mixed ,Human
INSULIN,INSULIN ISOPHANE-INSULIN REGULAR,RELION/NOVO R,Pre-mixed ,Human
INSULIN,INSULIN ISOPHANE-INSULIN REGULAR,RELION/NOVOLIN 70/30 (VIAL),Pre-mixed ,Human
INSULIN,INSULIN LISPRO,ADMELOG,Bolus ,Analog
INSULIN,INSULIN LISPRO,ADMELOG SOLO,Bolus ,Analog
INSULIN,INSULIN LISPRO,CARTRIDGES,Bolus ,Analog
INSULIN,INSULIN LISPRO,HUMALOG,Bolus ,Analog
INSULIN,INSULIN LISPRO,HUMALOG (CARTRIDGE),Bolus ,Analog
INSULIN,INSULIN LISPRO,"HUMALOG (KWIKPEN,5X3ML)",Bolus ,Analog
INSULIN,INSULIN LISPRO,HUMALOG (VIAL),Bolus ,Analog
INSULIN,INSULIN LISPRO,HUMALOG (VL-7510),Bolus ,Analog
INSULIN,INSULIN LISPRO,HUMALOG CARTRIDGE,Bolus ,Analog
INSULIN,INSULIN LISPRO,HUMALOG INJ,Bolus ,Analog
INSULIN,INSULIN LISPRO,HUMALOG INJ 100U,Bolus ,Analog
INSULIN,INSULIN LISPRO,HUMALOG INSULIN,Bolus ,Analog
INSULIN,INSULIN LISPRO,HUMALOG INSULIN (VL-7510),Bolus ,Analog
INSULIN,INSULIN LISPRO,HUMALOG JR,Bolus ,Analog
INSULIN,INSULIN LISPRO,HUMALOG KWIK,Bolus ,Analog
INSULIN,INSULIN LISPRO,HUMALOG KWIK INJ,Bolus ,Analog
INSULIN,INSULIN LISPRO,HUMALOG KWIK PEN,Bolus ,Analog
INSULIN,INSULIN LISPRO,HUMALOG KWIKPEN,Bolus ,Analog
INSULIN,INSULIN LISPRO,HUMALOG PEN,Bolus ,Analog
INSULIN,INSULIN LISPRO,HUMALOG PEN (PREFILLED DISPOSABLE),Bolus ,Analog
INSULIN,INSULIN LISPRO,HUMALOG U-100,Bolus ,Analog
INSULIN,INSULIN LISPRO,INS - HMLG,Bolus ,Analog
INSULIN,INSULIN LISPRO,INS HMLG,Bolus ,Analog
INSULIN,INSULIN LISPRO,INSULIN LISP,Bolus ,Analog
INSULIN,INSULIN LISPRO,INSULIN LISPRO,Bolus ,Analog
INSULIN,INSULIN LISPRO,INSULIN LISPRO (HUMALOG),Bolus ,Analog
INSULIN,INSULIN LISPRO,INSULIN LISPRO HUMAN,Bolus ,Analog
INSULIN,INSULIN LISPRO,INSULIN LISPRO PEN,Bolus ,Analog
INSULIN,INSULIN LISPRO,IV,Bolus ,Analog
INSULIN,INSULIN LISPRO,LYUMJEV KWPN,Bolus ,Analog
INSULIN,INSULIN LISPRO-INSULIN LISPRO PROTAMINE,HUMALOG,Pre-mixed ,Analog
INSULIN,INSULIN LISPRO-INSULIN LISPRO PROTAMINE,HUMALOG MIX,Pre-mixed ,Analog
INSULIN,INSULIN LISPRO-INSULIN LISPRO PROTAMINE,HUMALOG MIX 50/50,Pre-mixed ,Analog
INSULIN,INSULIN LISPRO-INSULIN LISPRO PROTAMINE,"HUMALOG MIX 50/50 (PEN,5X3ML)",Pre-mixed ,Analog
INSULIN,INSULIN LISPRO-INSULIN LISPRO PROTAMINE,HUMALOG MIX 50/50 KWIKPEN,Pre-mixed ,Analog
INSULIN,INSULIN LISPRO-INSULIN LISPRO PROTAMINE,HUMALOG MIX 75/25,Pre-mixed ,Analog
INSULIN,INSULIN LISPRO-INSULIN LISPRO PROTAMINE,HUMALOG MIX 75/25 (VIAL),Pre-mixed ,Analog
INSULIN,INSULIN LISPRO-INSULIN LISPRO PROTAMINE,HUMALOG MIX 75/25 INJ KWIKPEN,Pre-mixed ,Analog
INSULIN,INSULIN LISPRO-INSULIN LISPRO PROTAMINE,HUMALOG MIX 75/25 PEN,Pre-mixed ,Analog
INSULIN,INSULIN LISPRO-INSULIN LISPRO PROTAMINE,HUMALOG MIX 75/25 PEN (PREFILLED DISPOSABLE),Pre-mixed ,Analog
INSULIN,INSULIN LISPRO-INSULIN LISPRO PROTAMINE,HUMALOG MIX PEN (PREFILLED DISPOSABLE),Bolus ,Analog
INSULIN,INSULIN LISPRO-INSULIN LISPRO PROTAMINE,HUMALOG PEN,Bolus ,Analog
INSULIN,INSULIN REGULAR,HUMAN,Bolus ,Human
INSULIN,INSULIN REGULAR,HUMRLIN R,Bolus ,Human
INSULIN,INSULIN REGULAR,HUMULIN,Bolus ,Human
INSULIN,INSULIN REGULAR,HUMULIN L,Bolus ,Human
INSULIN,INSULIN REGULAR,HUMULIN R,Bolus ,Human
INSULIN,INSULIN REGULAR,HUMULIN R (CONCENTRATED),Bolus ,Human
INSULIN,INSULIN REGULAR,HUMULIN R (VIAL),Bolus ,Human
INSULIN,INSULIN REGULAR,HUMULIN R CONCENTRATED U-500 (VIAL),Bolus ,Human
INSULIN,INSULIN REGULAR,HUMULIN R U,Bolus ,Human
INSULIN,INSULIN REGULAR,HUMULIN R U-100,Bolus ,Human
INSULIN,INSULIN REGULAR,HUMULIN R VIAL U,Bolus ,Human
INSULIN,INSULIN REGULAR,IMSULIN HUMAN REG,Bolus ,Human
INSULIN,INSULIN REGULAR,INNOLET R,Bolus ,Human
INSULIN,INSULIN REGULAR,INSULIN,Bolus ,Human
INSULIN,INSULIN REGULAR,INSULIN CONCENTRATE REG HUMAN,Bolus ,Human
INSULIN,INSULIN REGULAR,INSULIN HUMAN NPH,Bolus ,Human
INSULIN,INSULIN REGULAR,INSULIN HUMAN REG,Bolus ,Human
INSULIN,INSULIN REGULAR,INSULIN HUMAN REGULAR,Bolus ,Human
INSULIN,INSULIN REGULAR,INSULIN ISOPHAN-REGULAR,Bolus ,Human
INSULIN,INSULIN REGULAR,INSULIN NOVOLIN,Bolus ,Human
INSULIN,INSULIN REGULAR,INSULIN NPH HUMAN INJ,Bolus ,Human
INSULIN,INSULIN REGULAR,INSULIN NPH HUMAN NOVOLIN R,Bolus ,Human
INSULIN,INSULIN REGULAR,INSULIN REG,Bolus ,Human
INSULIN,INSULIN REGULAR,INSULIN REG HUMAN,Bolus ,Human
INSULIN,INSULIN REGULAR,INSULIN REG HUMAN NOVOLIN R,Bolus ,Human
INSULIN,INSULIN REGULAR,INSULIN REG INJ,Bolus ,Human
INSULIN,INSULIN REGULAR,INSULIN REG U-100,Bolus ,Human
INSULIN,INSULIN REGULAR,INSULIN REG U-100 (HUMAN),Bolus ,Human
INSULIN,INSULIN REGULAR,INSULIN REG-HUMAN,Bolus ,Human
INSULIN,INSULIN REGULAR,INSULIN REG. U-100,Bolus ,Human
INSULIN,INSULIN REGULAR,INSULIN REGULAR,Bolus ,Human
INSULIN,INSULIN REGULAR,NOVLIN R,Bolus ,Human
INSULIN,INSULIN REGULAR,NOVOLIN INSULIN REG,Bolus ,Human
INSULIN,INSULIN REGULAR,NOVOLIN R,Bolus ,Human
INSULIN,INSULIN REGULAR,NOVOLIN R  100,Bolus ,Human
INSULIN,INSULIN REGULAR,NOVOLIN R (10X10ML),Bolus ,Human
INSULIN,INSULIN REGULAR,NOVOLIN R (VIAL),Bolus ,Human
INSULIN,INSULIN REGULAR,NOVOLIN R INNOLET,Bolus ,Human
INSULIN,INSULIN REGULAR,"NOVOLIN R INNOLET (SRN,PREFILLED)",Bolus ,Human
INSULIN,INSULIN REGULAR,NOVOLIN R INSULIN,Bolus ,Human
INSULIN,INSULIN REGULAR,NOVOLIN R INSULIN R,Bolus ,Human
INSULIN,INSULIN REGULAR,NOVOLIN R PENFILL,Bolus ,Human
INSULIN,INSULIN REGULAR,NOVOLIN R PENFILL (SRN),Bolus ,Human
INSULIN,INSULIN REGULAR,NOVOLIN R U,Bolus ,Human
INSULIN,INSULIN REGULAR,RELION HUMULIN R U,Bolus ,Human
INSULIN,INSULIN REGULAR,RELION/NOVO N,Bolus ,Human
INSULIN,INSULIN REGULAR,RELION/NOVO R,Bolus ,Human
INSULIN,INSULIN REGULAR,RELION/NOVOLIN R (VIAL),Bolus ,Human
INSULIN,INSULIN REGULAR,U-100 HUMULIN REGU,Bolus ,Human
INSULIN,INSULIN ZINC,HUMULIN,Basal ,Human
INSULIN,INSULIN ZINC,HUMULIN L,Basal ,Human
INSULIN,INSULIN ZINC,HUMULIN L (VIAL),Basal ,Human
INSULIN,INSULIN ZINC,INSULIN (NOVOLIN),Basal ,Human
INSULIN,INSULIN ZINC,NOVOLIN,Basal ,Human
INSULIN,INSULIN ZINC EXTENDED,HUMULIN U (VIAL),Basal ,Human
INSULIN,INSULIN ZINC EXTENDED,HUMULIN U VIAL,Basal ,Human
INSULIN,INSULIN ZINC EXTENDED,INSULIN HUMAN ULTRA LENTE,Basal ,Human
INSULIN,INSULIN ZINC EXTENDED,"INSULIN, ULTRALENTE (HUMAN)",Basal ,Human
MEGLITINIDES,NATEGLINIDE,NATEGLINIDE,,
MEGLITINIDES,NATEGLINIDE,STARLIX,,
MEGLITINIDES,REPAGLINIDE,"MINOXIDIL, TOPICAL",,
MEGLITINIDES,REPAGLINIDE,PRANDIN,,
MEGLITINIDES,REPAGLINIDE,REPAGLINIDE,,
SGLT-2 INHIBITORS,CANAGLIFLOZIN,CANAGLIFLOZIN,,
SGLT-2 INHIBITORS,CANAGLIFLOZIN,INVOKANA,,
SGLT-2 INHIBITORS,CANAGLIFLOZIN,INVOKANA 300 MG,,
SGLT-2 INHIBITORS,CANAGLIFLOZIN,INVOKANA TAB,,
SGLT-2 INHIBITORS,DAPAGLIFLOZIN,FARXIGA,,
SGLT-2 INHIBITORS,DAPAGLIFLOZIN,FARXIGA TAB,,
SGLT-2 INHIBITORS,EMPAGLIFLOZIN,EMPAGLIFLOZIN,,
SGLT-2 INHIBITORS,EMPAGLIFLOZIN,JARDIANCE,,
SGLT-2 INHIBITORS,EMPAGLIFLOZIN,JARDIANCE TAB,,
SGLT-2 INHIBITORS,ERTUGLIFLOZIN,STEGLATRO,,
SGLT-2 INHIBITORS,SGLT-2 INHIBITORS,SGLT-2 INHIBITORS,,
SULFONYLUREAS,CHLORPROPAMIDE,CHLORPROPAMIDE,,
SULFONYLUREAS,GLIMEPIRIDE,AMARYL,,
SULFONYLUREAS,GLIMEPIRIDE,AMARYL (GEN),,
SULFONYLUREAS,GLIMEPIRIDE,GLIMEPERIDE,,
SULFONYLUREAS,GLIMEPIRIDE,GLIMEPIRIDE,,
SULFONYLUREAS,GLIMEPIRIDE,GLIMEPIRIDE (AMARYL),,
SULFONYLUREAS,GLIMEPIRIDE,GLIMEPIRIDE TAB,,
SULFONYLUREAS,GLIMEPIRIDE,GLIMEPIRIDE;,,
SULFONYLUREAS,GLIMEPIRIDE,GLIMEPRIDE,,
SULFONYLUREAS,GLIMEPIRIDE,GLIMEPRIDIE,,
SULFONYLUREAS,GLIMEPIRIDE,GLIMEPRIRIDE,,
SULFONYLUREAS,GLIMEPIRIDE,GLIMERPIRIDE,,
SULFONYLUREAS,GLIMEPIRIDE,GLIMERPRIRIDE,,
SULFONYLUREAS,GLIMEPIRIDE,GLIMPERIDE,,
SULFONYLUREAS,GLIMEPIRIDE,GLIMPIRIDE,,
SULFONYLUREAS,GLIMEPIRIDE,GLIMPIRIRDE,,
SULFONYLUREAS,GLIMEPIRIDE,KGC,,
SULFONYLUREAS,GLIMEPIRIDE,MEDISENSE,,
SULFONYLUREAS,GLIPIZIDE,1 GLIPIZIDE ER,,
SULFONYLUREAS,GLIPIZIDE,GILPIZIDE,,
SULFONYLUREAS,GLIPIZIDE,GLIPIZIDE,,
SULFONYLUREAS,GLIPIZIDE,GLIPIZIDE  ER,,
SULFONYLUREAS,GLIPIZIDE,GLIPIZIDE (FILM-COATED),,
SULFONYLUREAS,GLIPIZIDE,GLIPIZIDE (GLUCOTROL XL),,
SULFONYLUREAS,GLIPIZIDE,GLIPIZIDE (GLUCOTROL),,
SULFONYLUREAS,GLIPIZIDE,GLIPIZIDE (USP),,
SULFONYLUREAS,GLIPIZIDE,"GLIPIZIDE (USP,FILM-COATED)",,
SULFONYLUREAS,GLIPIZIDE,GLIPIZIDE ER,,
SULFONYLUREAS,GLIPIZIDE,GLIPIZIDE ER 10 MG,,
SULFONYLUREAS,GLIPIZIDE,GLIPIZIDE ER 10MG,,
SULFONYLUREAS,GLIPIZIDE,GLIPIZIDE ER 24,,
SULFONYLUREAS,GLIPIZIDE,GLIPIZIDE ER 24HR,,
SULFONYLUREAS,GLIPIZIDE,GLIPIZIDE ER 5MG,,
SULFONYLUREAS,GLIPIZIDE,GLIPIZIDE EXTENDED RELEASE,,
SULFONYLUREAS,GLIPIZIDE,GLIPIZIDE SA,,
SULFONYLUREAS,GLIPIZIDE,GLIPIZIDE SR 24HR,,
SULFONYLUREAS,GLIPIZIDE,GLIPIZIDE TAB,,
SULFONYLUREAS,GLIPIZIDE,GLIPIZIDE TAB 10 MG,,
SULFONYLUREAS,GLIPIZIDE,GLIPIZIDE TAB 5 MG,,
SULFONYLUREAS,GLIPIZIDE,GLIPIZIDE TAB ER 24 HR,,
SULFONYLUREAS,GLIPIZIDE,GLIPIZIDE X-L,,
SULFONYLUREAS,GLIPIZIDE,GLIPIZIDE X1,,
SULFONYLUREAS,GLIPIZIDE,GLIPIZIDE XL,,
SULFONYLUREAS,GLIPIZIDE,GLIPIZIDE XL (NYM),,
SULFONYLUREAS,GLIPIZIDE,GLIPIZIDE XL 10,,
SULFONYLUREAS,GLIPIZIDE,GLIPIZIDE XL 24HR,,
SULFONYLUREAS,GLIPIZIDE,GLIPIZIDE XL TAB,,
SULFONYLUREAS,GLIPIZIDE,GLIPIZIDE XL TB 21,,
SULFONYLUREAS,GLIPIZIDE,GLIPIZIDE XL TB 24,,
SULFONYLUREAS,GLIPIZIDE,GLIPIZINE,,
SULFONYLUREAS,GLIPIZIDE,GLIPLZIDE,,
SULFONYLUREAS,GLIPIZIDE,GLIPZIDE,,
SULFONYLUREAS,GLIPIZIDE,GLIPZIDE ER,,
SULFONYLUREAS,GLIPIZIDE,GLIZIDE XL,,
SULFONYLUREAS,GLIPIZIDE,GLLIPIZIDE ER,,
SULFONYLUREAS,GLIPIZIDE,GLUCATROL XL,,
SULFONYLUREAS,GLIPIZIDE,GLUCOTROL,,
SULFONYLUREAS,GLIPIZIDE,GLUCOTROL (DYE-FREE),,
SULFONYLUREAS,GLIPIZIDE,GLUCOTROL XL,,
SULFONYLUREAS,GLYBURIDE,DIABETA,,
SULFONYLUREAS,GLYBURIDE,GLIPIZIDE,,
SULFONYLUREAS,GLYBURIDE,GLYBRIDE,,
SULFONYLUREAS,GLYBURIDE,GLYBURDIE,,
SULFONYLUREAS,GLYBURIDE,GLYBURID MCR,,
SULFONYLUREAS,GLYBURIDE,GLYBURIDE,,
SULFONYLUREAS,GLYBURIDE,GLYBURIDE (MICRO),,
SULFONYLUREAS,GLYBURIDE,GLYBURIDE (MICRONASE),,
SULFONYLUREAS,GLYBURIDE,GLYBURIDE (MICRONASE/DIABETA),,
SULFONYLUREAS,GLYBURIDE,GLYBURIDE (UNIT OF USE),,
SULFONYLUREAS,GLYBURIDE,GLYBURIDE 5MG TABLETS,,
SULFONYLUREAS,GLYBURIDE,GLYBURIDE MCR,,
SULFONYLUREAS,GLYBURIDE,GLYBURIDE MICRO (GLYNASE OR SUB),,
SULFONYLUREAS,GLYBURIDE,GLYBURIDE MICRONIZED,,
SULFONYLUREAS,GLYBURIDE,GLYBURIDE TAB,,
SULFONYLUREAS,GLYBURIDE,"GLYBURIDE TAB 5MG,CAJ",,
SULFONYLUREAS,GLYBURIDE,"GLYBURIDE, MICRONIZED",,
SULFONYLUREAS,GLYBURIDE,GLYDURIDE,,
SULFONYLUREAS,GLYBURIDE,GLYNASE,,
SULFONYLUREAS,GLYBURIDE,GLYNASE PRES-TAB,,
SULFONYLUREAS,GLYBURIDE,GYLBURIDE,,
SULFONYLUREAS,GLYBURIDE,MICRONASE,,
SULFONYLUREAS,GLYBURIDE,MICRONASE (UNIT OF USE),,
SULFONYLUREAS,TOLAZAMIDE,TOLAZAMIDE,,
THIAZOLIDINEDIONES,PIOGLITAZONE,ACOTS,,
THIAZOLIDINEDIONES,PIOGLITAZONE,ACTOS,,
THIAZOLIDINEDIONES,PIOGLITAZONE,ACTOS 15MG TABLETS,,
THIAZOLIDINEDIONES,PIOGLITAZONE,ACTOS 30MG TABLETS,,
THIAZOLIDINEDIONES,PIOGLITAZONE,ACTUS,,
THIAZOLIDINEDIONES,PIOGLITAZONE,PIGLITAZONE,,
THIAZOLIDINEDIONES,PIOGLITAZONE,PIOGLITAZONE,,
THIAZOLIDINEDIONES,PIOGLITAZONE,PIOGLITAZONE (ACTOS),,
THIAZOLIDINEDIONES,PIOGLITAZONE,PIOGLITAZONE HCI,,
THIAZOLIDINEDIONES,PIOGLITAZONE,PIOGLITAZONE HCL,,
THIAZOLIDINEDIONES,PIOGLITAZONE,PIOGLITAZONE HCL TAB,,
THIAZOLIDINEDIONES,ROSIGLITAZONE,AVANDIA,,
THIAZOLIDINEDIONES,ROSIGLITAZONE,AVANDIA (FILM-COATED TILTAB),,
THIAZOLIDINEDIONES,ROSIGLITAZONE,AVANDIA (FILM-COATED),,
THIAZOLIDINEDIONES,ROSIGLITAZONE,"AVANDIA (FILM-COATED, TILTAB)",,
THIAZOLIDINEDIONES,ROSIGLITAZONE,COSMETIC,,
THIAZOLIDINEDIONES,ROSIGLITAZONE,ROSIGLITAZONE,,
THIAZOLIDINEDIONES,ROSIGLITAZONE,ROSIGLITAZONE (AVANDIA),,
THIAZOLIDINEDIONES,ROSIGLITAZONE,ROSIGLITAZONE MALEATE,,
NA,NA,NA,,
