Multum Lexicon Drug Class,Generic drug name,Prescription name
ALPHA-GLUCOSIDASE INHIBITORS,NA,ACARBOSE
ALPHA-GLUCOSIDASE INHIBITORS,NA,CARBOSE
ALPHA-GLUCOSIDASE INHIBITORS,NA,GLYSET
ALPHA-GLUCOSIDASE INHIBITORS,NA,GLYSET (FILM-COATED)
ALPHA-GLUCOSIDASE INHIBITORS,NA,PRECOSE
AMYLIN ANALOGS,NA,DHEA
AMYLIN ANALOGS,NA,SYMLIN
AMYLIN ANALOGS,NA,SYMLINPEN (2X2.7ML)
AMYLIN ANALOGS,NA,SYMLINPEN 60
AMYLIN ANALOGS,NA,SYMLNPEN 120
ANTIDIABETIC COMBINATIONS,NA,ACTOPLUS
ANTIDIABETIC COMBINATIONS,NA,ACTOPLUS MET
ANTIDIABETIC COMBINATIONS,NA,ACTOPLUS MET (FILM-COATED)
ANTIDIABETIC COMBINATIONS,NA,ACTOS PLUS MET
ANTIDIABETIC COMBINATIONS,ANTIDIABETIC COMBINATIONS,ANTIDIABETIC COMBINATIONS
ANTIDIABETIC COMBINATIONS,NA,AVANDAMET
ANTIDIABETIC COMBINATIONS,NA,AVANDAMET (FILM COATED)
ANTIDIABETIC COMBINATIONS,NA,AVANDAMET (FILM-COATED)
ANTIDIABETIC COMBINATIONS,NA,AVANDAMET 2
ANTIDIABETIC COMBINATIONS,NA,AVANDARYL
ANTIDIABETIC COMBINATIONS,NA,DUETACT
ANTIDIABETIC COMBINATIONS,NA,GLIP/METFORM
ANTIDIABETIC COMBINATIONS,NA,GLIPIZIDE METFORMIN
ANTIDIABETIC COMBINATIONS,NA,GLIPIZIDE/METFORMIN
ANTIDIABETIC COMBINATIONS,NA,GLIPIZIDE/METFORMIN (FILM-COATED)
ANTIDIABETIC COMBINATIONS,NA,GLIPIZIDE/METFORMIN HCL (FILM-COATED)
ANTIDIABETIC COMBINATIONS,NA,GLIPIZIDE-METFORMIN
ANTIDIABETIC COMBINATIONS,NA,GLUCOVANCE
ANTIDIABETIC COMBINATIONS,NA,GLUCOVANCE (CAPLET)
ANTIDIABETIC COMBINATIONS,NA,"GLUCOVANCE (CAPLET, FILM-COATED)"
ANTIDIABETIC COMBINATIONS,NA,"GLUCOVANCE (CAPLET,FILM-COATED)"
ANTIDIABETIC COMBINATIONS,NA,GLUCOVANCE (FILM-COATED CAPLET)
ANTIDIABETIC COMBINATIONS,NA,GLYB/METF
ANTIDIABETIC COMBINATIONS,NA,GLYB/METFOR
ANTIDIABETIC COMBINATIONS,GLYBURIDE-METFORMIN,GLYB/METFORM
ANTIDIABETIC COMBINATIONS,NA,GLYB/METFORM
ANTIDIABETIC COMBINATIONS,NA,GLYBUR/METF
ANTIDIABETIC COMBINATIONS,NA,GLYBURIDE
ANTIDIABETIC COMBINATIONS,NA,GLYBURIDE AND METFORMIN HYDROCHLORI (FILM-COATED)
ANTIDIABETIC COMBINATIONS,NA,GLYBURIDE METFORMIN
ANTIDIABETIC COMBINATIONS,NA,GLYBURIDE- METFORMIN
ANTIDIABETIC COMBINATIONS,NA,GLYBURIDE MICRONIZED/METFORMIN HCL (FILM-COATED)
ANTIDIABETIC COMBINATIONS,NA,GLYBURIDE MICRONIZED/METFORMIN HYDR
ANTIDIABETIC COMBINATIONS,NA,GLYBURIDE MICRONIZED/METFORMIN HYDR (FILM COATED)
ANTIDIABETIC COMBINATIONS,NA,GLYBURIDE MICRONIZED/METFORMIN HYDR (FILM-COATED)
ANTIDIABETIC COMBINATIONS,NA,GLYBURIDE/METFORMIN
ANTIDIABETIC COMBINATIONS,NA,GLYBURIDE/METFORMIN HCL
ANTIDIABETIC COMBINATIONS,NA,GLYBURIDE/METFORMIN HCL (FILM-COATED)
ANTIDIABETIC COMBINATIONS,NA,GLYBURIDE/METFORMIN HYDROCHLORIDE (FILM-COATED)
ANTIDIABETIC COMBINATIONS,GLYBURIDE-METFORMIN,GLYBURIDE-METFORMIN
ANTIDIABETIC COMBINATIONS,NA,GLYBURIDE-METFORMIN
ANTIDIABETIC COMBINATIONS,NA,GLYBURIDE-METFORMIN HCL
ANTIDIABETIC COMBINATIONS,NA,GLYBURIDE-METFORMIN HCL (FILM-COATED)
ANTIDIABETIC COMBINATIONS,NA,GLYBURID-METFORMIN
ANTIDIABETIC COMBINATIONS,METFORMIN-SITAGLIPTIN,JANUMET
ANTIDIABETIC COMBINATIONS,NA,JANUMET
ANTIDIABETIC COMBINATIONS,NA,JANUMET (FILM-COATED)
ANTIDIABETIC COMBINATIONS,NA,JANUMET 50/1000
ANTIDIABETIC COMBINATIONS,METFORMIN-SITAGLIPTIN,JANUMET 50-1000
ANTIDIABETIC COMBINATIONS,METFORMIN-SITAGLIPTIN,JANUMET TAB
ANTIDIABETIC COMBINATIONS,METFORMIN-SITAGLIPTIN,JANUMET XR
ANTIDIABETIC COMBINATIONS,NA,JANUMET XR
ANTIDIABETIC COMBINATIONS,NA,JENTADUETO
ANTIDIABETIC COMBINATIONS,NA,KETO/CYCLOB/LIDO
ANTIDIABETIC COMBINATIONS,NA,KOMBIGLYZE
ANTIDIABETIC COMBINATIONS,NA,KOMBIGLYZE XR
ANTIDIABETIC COMBINATIONS,NA,METAGLIP
ANTIDIABETIC COMBINATIONS,METFORMIN-SITAGLIPTIN,METFORMIN HCL+SITAGLIPTIN PHOSPHATE ER
ANTIDIABETIC COMBINATIONS,METFORMIN-SITAGLIPTIN,METFORMIN/ SITAGLIPTIN
ANTIDIABETIC COMBINATIONS,METFORMIN-SITAGLIPTIN,METFORMIN/SITAGLIPTIN
ANTIDIABETIC COMBINATIONS,NA,PIGLITAZONE HCL/ METFORMIN HCL
ANTIDIABETIC COMBINATIONS,NA,PIOGLITA/MET
ANTIDIABETIC COMBINATIONS,NA,PIOGLITAZONE HCL/ METFORMIN HCL
ANTIDIABETIC COMBINATIONS,NA,PIOGLITAZONE HCL-METFORMIN HCL
ANTIDIABETIC COMBINATIONS,NA,PIOGLIT-MEFORM
ANTIDIABETIC COMBINATIONS,NA,SITAGILIPTIN/METFORMI
ANTIDIABETIC COMBINATIONS,METFORMIN-SITAGLIPTIN,SITAGLIPTIN/METMFORMIN
ANTIDIABETIC COMBINATIONS,METFORMIN-SITAGLIPTIN,SITAGLIPTIN-METFORMIN HCL
ANTIDIABETIC COMBINATIONS,EMPAGLIFLOZIN-METFORMIN,SYNJARDY
ANTIDIABETIC COMBINATIONS,EMPAGLIFLOZIN-METFORMIN,SYNJARDY XR
BIGUANIDES,METFORMIN,-9
BIGUANIDES,NA,AVANDAMET
BIGUANIDES,NA,CLAX SOLUTION
BIGUANIDES,METFORMIN,CLEARLINK PRIMARY
BIGUANIDES,METFORMIN,ETFORMIN HCL
BIGUANIDES,METFORMIN,FORTAMET
BIGUANIDES,NA,FORTAMET
BIGUANIDES,NA,FORTAMET (FILM-COATED)
BIGUANIDES,NA,FORTAMET ER
BIGUANIDES,NA,GEN GLUCOPHAGE
BIGUANIDES,NA,GLUCOPHAG
BIGUANIDES,METFORMIN,GLUCOPHAGE
BIGUANIDES,NA,GLUCOPHAGE
BIGUANIDES,NA,GLUCOPHAGE XR
BIGUANIDES,NA,GLUCOPHAGE XR (FILM-COATED)
BIGUANIDES,NA,GLUCOPHGE XR
BIGUANIDES,METFORMIN,GLUMETZA
BIGUANIDES,NA,GLUMETZA
BIGUANIDES,NA,GLUMETZA (FILM-COATED)
BIGUANIDES,NA,INSERT STANDART P
BIGUANIDES,NA,MEDFORMIN
BIGUANIDES,METFORMIN,MEFORMIN
BIGUANIDES,NA,MERFORMIN
BIGUANIDES,NA,MERTFORMIN
BIGUANIDES,NA,METAFORMIN HCL
BIGUANIDES,METFORMIN,METFORMIN
BIGUANIDES,NA,METFORMIN
BIGUANIDES,NA,METFORMIN  (FILM-COATED)
BIGUANIDES,METFORMIN,METFORMIN  HCL
BIGUANIDES,NA,METFORMIN  HCL ER
BIGUANIDES,NA,METFORMIN (FILM-COATED)
BIGUANIDES,NA,METFORMIN (GLUCOPHAGE XR)
BIGUANIDES,NA,METFORMIN (GLUCOPHAGE)
BIGUANIDES,NA,METFORMIN (GLUCOPHAGE-500)
BIGUANIDES,NA,METFORMIN 1000 MG
BIGUANIDES,NA,METFORMIN 1000MG
BIGUANIDES,NA,METFORMIN 1000MG TABLETS
BIGUANIDES,NA,METFORMIN 100MG
BIGUANIDES,METFORMIN,METFORMIN 24 HR SUSTAINED RELEASE
BIGUANIDES,METFORMIN,METFORMIN 24HR
BIGUANIDES,METFORMIN,METFORMIN 24HR SA
BIGUANIDES,NA,METFORMIN 500 MG
BIGUANIDES,NA,METFORMIN 500MG TABLETS
BIGUANIDES,NA,METFORMIN 850MG
BIGUANIDES,METFORMIN,METFORMIN ECL
BIGUANIDES,METFORMIN,METFORMIN ER
BIGUANIDES,NA,METFORMIN ER
BIGUANIDES,NA,METFORMIN ER (10X10)
BIGUANIDES,NA,METFORMIN ER 24HR
BIGUANIDES,NA,METFORMIN ER 500MG 24HR TABS
BIGUANIDES,METFORMIN,METFORMIN ER TAB
BIGUANIDES,METFORMIN,METFORMIN GLU
BIGUANIDES,NA,METFORMIN GLUCOPHAGE)
BIGUANIDES,NA,METFORMIN H
BIGUANIDES,NA,METFORMIN HC
BIGUANIDES,METFORMIN,METFORMIN HCL
BIGUANIDES,NA,METFORMIN HCL
BIGUANIDES,NA,METFORMIN HCL (10X10)
BIGUANIDES,NA,METFORMIN HCL (CAPLET)
BIGUANIDES,NA,METFORMIN HCL (FILM-COATED TAB)
BIGUANIDES,NA,METFORMIN HCL (FILM-COATED)
BIGUANIDES,NA,METFORMIN HCL (GLUCOPHAGE)
BIGUANIDES,METFORMIN,METFORMIN HCL (OSM) 24HR
BIGUANIDES,METFORMIN,METFORMIN HCL 10%
BIGUANIDES,METFORMIN,METFORMIN HCL 1000MG
BIGUANIDES,METFORMIN,METFORMIN HCL 24 HOUR
BIGUANIDES,METFORMIN,METFORMIN HCL 24 HR
BIGUANIDES,METFORMIN,METFORMIN HCL 24 HR SA
BIGUANIDES,METFORMIN,METFORMIN HCL 24HR
BIGUANIDES,METFORMIN,METFORMIN HCL 24HR SA
BIGUANIDES,METFORMIN,METFORMIN HCL 500 MG
BIGUANIDES,METFORMIN,METFORMIN HCL ER
BIGUANIDES,NA,METFORMIN HCL ER
BIGUANIDES,METFORMIN,METFORMIN HCL ER (OSM) 24HR
BIGUANIDES,METFORMIN,METFORMIN HCL ER 24 HR
BIGUANIDES,METFORMIN,METFORMIN HCL ER 24HR
BIGUANIDES,METFORMIN,METFORMIN HCL SA
BIGUANIDES,METFORMIN,METFORMIN HCL SA 24 HR TAB
BIGUANIDES,METFORMIN,METFORMIN HCL SR 24HR
BIGUANIDES,METFORMIN,METFORMIN HCL TAB
BIGUANIDES,METFORMIN,METFORMIN HCL TAB 1000 MG
BIGUANIDES,METFORMIN,METFORMIN HCL TAB 500 MG
BIGUANIDES,METFORMIN,METFORMIN HCL TAB 850 MG
BIGUANIDES,METFORMIN,METFORMIN HCL TAB ER 24HR
BIGUANIDES,METFORMIN,METFORMIN HCL TAB ER 24HR 500 MG
BIGUANIDES,METFORMIN,METFORMIN HCL TAB SR 24HR
BIGUANIDES,METFORMIN,METFORMIN HCL TAB SR 24HR 500 MG
BIGUANIDES,METFORMIN,METFORMIN HCL TAB SR 24HR 750 MG
BIGUANIDES,METFORMIN,METFORMIN HCL XR
BIGUANIDES,METFORMIN,METFORMIN HCL:
BIGUANIDES,METFORMIN,METFORMIN HYDROCHLORIDE
BIGUANIDES,NA,METFORMIN HYDROCHLORIDE
BIGUANIDES,NA,METFORMIN HYDROCHLORIDE (FILM COATED)
BIGUANIDES,NA,METFORMIN HYDROCHLORIDE (FILM-COATED)
BIGUANIDES,NA,"METFORMIN HYDROCHLORIDE (USP,FILM COATED)"
BIGUANIDES,METFORMIN,METFORMIN HYDROCHLORIDE ER
BIGUANIDES,NA,METFORMIN HYDROCHLORIDE ER
BIGUANIDES,METFORMIN,METFORMIN N HCL 24HR SA
BIGUANIDES,METFORMIN,METFORMIN SA
BIGUANIDES,METFORMIN,METFORMIN SR
BIGUANIDES,METFORMIN,METFORMIN SR 24HR
BIGUANIDES,METFORMIN,METFORMIN TAB
BIGUANIDES,METFORMIN,METFORMIN XR
BIGUANIDES,NA,METFORMIN XR
BIGUANIDES,NA,METFORMIN XR (CAPLET)
BIGUANIDES,METFORMIN,METFORMIN/HYDROCHLOR
BIGUANIDES,NA,METFORMINER
BIGUANIDES,METFORMIN,METFORMING HCL
BIGUANIDES,NA,METFORMING HCL
BIGUANIDES,NA,METFORMIN-XR
BIGUANIDES,METFORMIN,METFORMMIN HCL (OSM) 24HR
BIGUANIDES,METFORMIN,METFPORMIN HCL
BIGUANIDES,NA,METFROMIN (GLUCOPHAGE)
BIGUANIDES,NA,METFROMIN HCL
BIGUANIDES,NA,METOFORMIN
BIGUANIDES,METFORMIN,METRORMIN
BIGUANIDES,METFORMIN,MMETFORMIN
BIGUANIDES,METFORMIN,RIOMET
BIGUANIDES,NA,RIOMET
BIGUANIDES,NA,RIOMET (CHERRY)
DIPEPTIDYL PEPTIDASE 4 INHIBITORS,ALOGLIPTIN,ALOGLIPTIN
DIPEPTIDYL PEPTIDASE 4 INHIBITORS,DIPEPTIDYL PEPTIDASE 4 INHIBITORS,DIPEPTIDYL PEPTIDASE 4 INHIBITORS
DIPEPTIDYL PEPTIDASE 4 INHIBITORS,SITAGLIPTIN,JANUIVA
DIPEPTIDYL PEPTIDASE 4 INHIBITORS,NA,JANUVIA
DIPEPTIDYL PEPTIDASE 4 INHIBITORS,SITAGLIPTIN,JANUVIA
DIPEPTIDYL PEPTIDASE 4 INHIBITORS,NA,JANUVIA (FILM-COATED)
DIPEPTIDYL PEPTIDASE 4 INHIBITORS,NA,JANUVIA 50MG
DIPEPTIDYL PEPTIDASE 4 INHIBITORS,SITAGLIPTIN,JANUVIA TAB
DIPEPTIDYL PEPTIDASE 4 INHIBITORS,LINAGLIPTIN,KGC
DIPEPTIDYL PEPTIDASE 4 INHIBITORS,LINAGLIPTIN,LINAGLIPTIN
DIPEPTIDYL PEPTIDASE 4 INHIBITORS,ALOGLIPTIN,NESINA
DIPEPTIDYL PEPTIDASE 4 INHIBITORS,NA,ONGLYZA
DIPEPTIDYL PEPTIDASE 4 INHIBITORS,SAXAGLIPTIN,ONGLYZA
DIPEPTIDYL PEPTIDASE 4 INHIBITORS,NA,ONGLYZA 5 MG
DIPEPTIDYL PEPTIDASE 4 INHIBITORS,SAXAGLIPTIN,ONGLYZA HCL
DIPEPTIDYL PEPTIDASE 4 INHIBITORS,SAXAGLIPTIN,SAXAGLIPTIN
DIPEPTIDYL PEPTIDASE 4 INHIBITORS,SAXAGLIPTIN,SAXAGLIPTIN HCL
DIPEPTIDYL PEPTIDASE 4 INHIBITORS,SAXAGLIPTIN,SAXAGLIPTIN HCL TAB
DIPEPTIDYL PEPTIDASE 4 INHIBITORS,SAXAGLIPTIN,SAXAGLIPTON HCL
DIPEPTIDYL PEPTIDASE 4 INHIBITORS,NA,SITAGLIPIN PHOSPHATE
DIPEPTIDYL PEPTIDASE 4 INHIBITORS,NA,SITAGLIPTIN
DIPEPTIDYL PEPTIDASE 4 INHIBITORS,SITAGLIPTIN,SITAGLIPTIN
DIPEPTIDYL PEPTIDASE 4 INHIBITORS,NA,SITAGLIPTIN (JANUVIA)
DIPEPTIDYL PEPTIDASE 4 INHIBITORS,SITAGLIPTIN,SITAGLIPTIN PHOPHATE
DIPEPTIDYL PEPTIDASE 4 INHIBITORS,NA,SITAGLIPTIN PHOSPHATE
DIPEPTIDYL PEPTIDASE 4 INHIBITORS,SITAGLIPTIN,SITAGLIPTIN PHOSPHATE
DIPEPTIDYL PEPTIDASE 4 INHIBITORS,SITAGLIPTIN,SITAGLIPTON PHOSPHATE
DIPEPTIDYL PEPTIDASE 4 INHIBITORS,LINAGLIPTIN,TRADJENTA
DIPEPTIDYL PEPTIDASE 4 INHIBITORS,NA,TRADJENTA
DIPEPTIDYL PEPTIDASE 4 INHIBITORS,LINAGLIPTIN,TRADJENTA TAB
GLP-1 RECEPTOR AGONISTS,EXENATIDE,BYDUREON
GLP-1 RECEPTOR AGONISTS,NA,BYDUREON
GLP-1 RECEPTOR AGONISTS,EXENATIDE,BYDUREON BC
GLP-1 RECEPTOR AGONISTS,EXENATIDE,BYDUREON PEN
GLP-1 RECEPTOR AGONISTS,EXENATIDE,BYETTA
GLP-1 RECEPTOR AGONISTS,NA,BYETTA
GLP-1 RECEPTOR AGONISTS,NA,BYETTA (10MCG PER DOSEX60 DOSE)
GLP-1 RECEPTOR AGONISTS,NA,BYETTA (5MCG PER DOSEX60 DOSE)
GLP-1 RECEPTOR AGONISTS,NA,BYETTA PREFILLED PEN
GLP-1 RECEPTOR AGONISTS,DULAGLUTIDE,DULAGLUTIDE
GLP-1 RECEPTOR AGONISTS,DULAGLUTIDE,DULAGLUTIDE PEN-INJECTOR
GLP-1 RECEPTOR AGONISTS,DULAGLUTIDE,DULAGLUTIDE SOLN PEN-INJECTOR
GLP-1 RECEPTOR AGONISTS,EXENATIDE,EXENATIDE MICROSPHERES
GLP-1 RECEPTOR AGONISTS,EXENATIDE,EXENATIDE MIROSPHERES
GLP-1 RECEPTOR AGONISTS,GLP-1 RECEPTOR AGONISTS,GLP-1 RECEPTOR AGONISTS
GLP-1 RECEPTOR AGONISTS,INCRETIN MIMETICS,INCRETIN MIMETICS
GLP-1 RECEPTOR AGONISTS,LIRAGLUTIDE,LIRAGLUTIDE
GLP-1 RECEPTOR AGONISTS,LIRAGLUTIDE,LIRAGLUTIDE/PLACEBO (VICTOZA)
GLP-1 RECEPTOR AGONISTS,SEMAGLUTIDE,OZEMPIC
GLP-1 RECEPTOR AGONISTS,SEMAGLUTIDE,RYBELSUS
GLP-1 RECEPTOR AGONISTS,LIRAGLUTIDE,SAXENDA
GLP-1 RECEPTOR AGONISTS,SEMAGLUTIDE,SEMAGLUTIDE
GLP-1 RECEPTOR AGONISTS,DULAGLUTIDE,TRULICITY
GLP-1 RECEPTOR AGONISTS,DULAGLUTIDE,TRULICITY INJ
GLP-1 RECEPTOR AGONISTS,DULAGLUTIDE,TRULICITY INJ 1.5/0.5
GLP-1 RECEPTOR AGONISTS,LIRAGLUTIDE,VICTOZA
GLP-1 RECEPTOR AGONISTS,NA,VICTOZA
GLP-1 RECEPTOR AGONISTS,LIRAGLUTIDE,VICTOZA 18MG/3ML INJ
GLP-1 RECEPTOR AGONISTS,LIRAGLUTIDE,VICTOZA INJ
GLP-1 RECEPTOR AGONISTS,SEMAGLUTIDE,WEGOVY
INSULIN,INSULIN ASPART-INSULIN ASPART PROTAMINE,70/30 NOVOLOG
INSULIN,INSULIN LISPRO,ADMELOG
INSULIN,INSULIN LISPRO,ADMELOG SOLO
INSULIN,NA,APIDRA
INSULIN,NA,"APIDRA (5X3ML,OPTICLIK PEN)"
INSULIN,INSULIN ASPART,ASPART (NOVO FLEXPEN)
INSULIN,NA,ASPART INSULIN
INSULIN,INSULIN ASPART,ASPART NOVOL
INSULIN,INSULIN ASPART,"ASPART,HUMAN, ISULIN"
INSULIN,INSULIN ASPART,ASPART/NOVO FLEXPEN
INSULIN,INSULIN GLARGINE,BASAGLAR
INSULIN,INSULIN GLARGINE,BASAGLAR 100UNIT
INSULIN,INSULIN GLARGINE,BASAGLAR INJ KWIKPEN
INSULIN,INSULIN GLARGINE,BASAGLAR INJ KWIKPEN 100UNIT
INSULIN,INSULIN GLARGINE,BASAGLAR KWIKPEN
INSULIN,INSULIN LISPRO,CARTRIDGES
INSULIN,INSULIN DETEMIR,DETEMIR
INSULIN,INSULIN DETEMIR,DETEMIR 100 UNIT/ ML FLEXTOUCH
INSULIN,INSULIN DETEMIR,DETEMIR 100 UNIT/ML FLEXTOUCH
INSULIN,INSULIN DETEMIR,"DETEMIR, HUMAN, INSULIN"
INSULIN,INSULIN DETEMIR,"DETEMIR,HUMAN, INSULIN"
INSULIN,INSULIN DETEMIR,DETEMIR/FLEXTOUCH
INSULIN,NA,"EXUBERA COMBINATION PACK 12 (1MG&3MG,2RELEASEUNIT)"
INSULIN,NA,"EXUBERA COMBINATION PACK 15 (1MG&3MG,2RELEASE UNIT"
INSULIN,INSULIN ASPART,FIASP
INSULIN,INSULIN ASPART,FIASP FLEX
INSULIN,INSULIN ASPART,FLEXPEN
INSULIN,INSULIN DETEMIR,FLEXTOUCH
INSULIN,INSULIN GLARGINE,GLARGINE
INSULIN,NA,GLARGINE HUMAN INSULIN
INSULIN,INSULIN GLARGINE,GLARGINE INSULIN HUMAN
INSULIN,INSULIN GLARGINE,GLARGINE SOLASTAR
INSULIN,INSULIN GLARGINE,GLARGINE SOLOSTAR
INSULIN,INSULIN GLARGINE,"GLARGINE,HUMAN"
INSULIN,INSULIN LISPRO,HUMALOG
INSULIN,NA,HUMALOG
INSULIN,NA,HUMALOG (CARTRIDGE)
INSULIN,NA,"HUMALOG (KWIKPEN,5X3ML)"
INSULIN,NA,HUMALOG (VIAL)
INSULIN,INSULIN LISPRO,HUMALOG (VL-7510)
INSULIN,INSULIN LISPRO,HUMALOG INJ
INSULIN,NA,HUMALOG INJ 100U
INSULIN,NA,HUMALOG INSULIN
INSULIN,NA,HUMALOG INSULIN (VL-7510)
INSULIN,INSULIN LISPRO,HUMALOG JR
INSULIN,INSULIN LISPRO,HUMALOG KWIK
INSULIN,NA,HUMALOG KWIK
INSULIN,INSULIN LISPRO,HUMALOG KWIK INJ
INSULIN,INSULIN LISPRO,HUMALOG KWIK PEN
INSULIN,NA,HUMALOG KWIK PEN
INSULIN,INSULIN LISPRO,HUMALOG KWIKPEN
INSULIN,NA,HUMALOG KWIKPEN
INSULIN,INSULIN LISPRO-INSULIN LISPRO PROTAMINE,HUMALOG MIX
INSULIN,NA,HUMALOG MIX
INSULIN,NA,HUMALOG MIX 50/50
INSULIN,NA,HUMALOG MIX 50/50 KWIKPEN
INSULIN,NA,HUMALOG MIX 75/25
INSULIN,NA,HUMALOG MIX 75/25 (VIAL)
INSULIN,NA,HUMALOG MIX 75/25 INJ KWIKPEN
INSULIN,NA,HUMALOG MIX 75/25 PEN
INSULIN,NA,HUMALOG MIX 75/25 PEN (PREFILLED DISPOSABLE)
INSULIN,NA,HUMALOG MIX PEN (PREFILLED DISPOSABLE)
INSULIN,NA,HUMALOG PEN
INSULIN,NA,HUMALOG PEN (PREFILLED DISPOSABLE)
INSULIN,NA,HUMALOG U-100
INSULIN,INSULIN REGULAR,HUMAN
INSULIN,NA,HUMAN INSULIN
INSULIN,NA,HUMAN INSULIN 70/30
INSULIN,NA,HUMAN NPH
INSULIN,NA,HUMAN NSULIN 70/30
INSULIN,NA,HUMAN REGULAR
INSULIN,NA,HUMAN U
INSULIN,INSULIN ISOPHANE (NPH),HUMILIN
INSULIN,NA,HUMILIN 70/30
INSULIN,NA,HUMRLIN R
INSULIN,INSULIN ISOPHANE (NPH),HUMULIN
INSULIN,INSULIN ISOPHANE (NPH)-INSULIN REGULAR,HUMULIN
INSULIN,INSULIN ISOPHANE-INSULIN REGULAR,HUMULIN
INSULIN,NA,HUMULIN
INSULIN,NA,HUMULIN 100U
INSULIN,NA,HUMULIN 50/50 (VIAL)
INSULIN,INSULIN ISOPHANE (NPH)-INSULIN REGULAR,HUMULIN 70/30
INSULIN,INSULIN ISOPHANE-INSULIN REGULAR,HUMULIN 70/30
INSULIN,NA,HUMULIN 70/30
INSULIN,NA,HUMULIN 70/30 (VIAL)
INSULIN,NA,HUMULIN 70/30 PEN
INSULIN,NA,HUMULIN 70/30 PEN (PREFILLED DISPOSABLE)
INSULIN,NA,HUMULIN 70-30
INSULIN,INSULIN ISOPHANE-INSULIN REGULAR,HUMULIN INJ 70/30
INSULIN,NA,HUMULIN INJ 70/30
INSULIN,NA,HUMULIN L
INSULIN,NA,HUMULIN L (VIAL)
INSULIN,INSULIN ISOPHANE (NPH),HUMULIN N
INSULIN,NA,HUMULIN N
INSULIN,NA,HUMULIN N (CARTRIDGE)
INSULIN,NA,HUMULIN N (VIAL)
INSULIN,INSULIN ISOPHANE (NPH),HUMULIN N KWIKPEN
INSULIN,NA,HUMULIN N P
INSULIN,NA,HUMULIN N PEN
INSULIN,NA,HUMULIN N PEN (PREFILLED DISPOSABLE)
INSULIN,NA,HUMULIN N PEN U
INSULIN,INSULIN ISOPHANE (NPH),HUMULIN N PN
INSULIN,NA,HUMULIN N PN
INSULIN,NA,HUMULIN N PN U-100
INSULIN,NA,HUMULIN N U100
INSULIN,NA,HUMULIN N U-100
INSULIN,NA,HUMULIN N VIAL
INSULIN,NA,HUMULIN N VIAL U
INSULIN,NA,HUMULIN NPH
INSULIN,NA,HUMULIN NPH INSULIN
INSULIN,NA,HUMULIN NPH U-100
INSULIN,INSULIN ISOPHANE (NPH)-INSULIN REGULAR,HUMULIN PEN
INSULIN,INSULIN ISOPHANE-INSULIN REGULAR,HUMULIN PEN
INSULIN,NA,HUMULIN PEN
INSULIN,NA,HUMULIN PEN 70/30
INSULIN,INSULIN REGULAR,HUMULIN R
INSULIN,NA,HUMULIN R
INSULIN,NA,HUMULIN R (CONCENTRATED)
INSULIN,NA,HUMULIN R (VIAL)
INSULIN,NA,HUMULIN R U
INSULIN,INSULIN REGULAR,HUMULIN R U-100
INSULIN,NA,HUMULIN R U-100
INSULIN,NA,HUMULIN R VIAL U
INSULIN,NA,HUMULIN REGULAR INSULIN
INSULIN,NA,HUMULIN U (VIAL)
INSULIN,NA,HUMULIN U VIAL
INSULIN,NA,HUMULIN-7
INSULIN,INSULIN ISOPHANE (NPH),HUMULIN-N KWIKPEN
INSULIN,NA,HUMULIN-NPH
INSULIN,NA,HUMULN NPH
INSULIN,NA,ILETIN NPH
INSULIN,INSULIN REGULAR,IMSULIN HUMAN REG
INSULIN,NA,INNOLET R
INSULIN,NA,INS - HMLG
INSULIN,NA,INS - LANTUS
INSULIN,INSULIN ASPART-INSULIN ASPART PROTAMINE,INS ASP PROT
INSULIN,NA,INS HMLG
INSULIN,NA,INS LANTUS
INSULIN,NA,INS LANTUS SOLOSTAR
INSULIN,INSULIN ISOPHANE (NPH),INS NOVOLIN N U-100
INSULIN,INSULIN GLARGINE,"INSLULIN GLARGINE, HUMAN"
INSULIN,INSULIN,INSULIN
INSULIN,INSULIN ASPART,INSULIN
INSULIN,NA,INSULIN
INSULIN,INSULIN GLARGINE,INSULIN (GLARGINE) HUM
INSULIN,NA,INSULIN (NOVOLIN)
INSULIN,NA,INSULIN (NOVOLIN) NPH
INSULIN,NA,INSULIN 70/30
INSULIN,NA,INSULIN 70/30 (NOVOLIN 70/30)
INSULIN,NA,INSULIN 70/30 HUMAN
INSULIN,INSULIN ASPART,INSULIN ASPA
INSULIN,INSULIN ASPART-INSULIN ASPART PROTAMINE,INSULIN ASPA
INSULIN,INSULIN ASPART,INSULIN ASPART
INSULIN,NA,INSULIN ASPART
INSULIN,INSULIN ASPART,INSULIN ASPART 100U/ML
INSULIN,INSULIN ASPART,INSULIN ASPART FLEXPEN
INSULIN,INSULIN ASPART,INSULIN ASPART FLEXPEN 100
INSULIN,INSULIN ASPART,INSULIN ASPART FLEXPEN-INJECTOR
INSULIN,INSULIN ASPART,INSULIN ASPART HUMAN
INSULIN,INSULIN ASPART,INSULIN ASPART NOVO FLEXPEN
INSULIN,INSULIN ASPART,INSULIN ASPART NOVOLG FLEXPEN
INSULIN,INSULIN ASPART,INSULIN ASPART NOVOLOG
INSULIN,INSULIN ASPART,INSULIN ASPART PEN
INSULIN,INSULIN ASPART,INSULIN ASPART SOLN PEN-INJECTOR 100 UNIT
INSULIN,INSULIN ASPART,"INSULIN ASPART, HUMAN"
INSULIN,INSULIN REGULAR,INSULIN CONCENTRATE REG HUMAN
INSULIN,INSULIN DETEMIR,INSULIN DETEMIR
INSULIN,NA,INSULIN DETEMIR
INSULIN,INSULIN DETEMIR,INSULIN DETEMIR 100 UNITS/ML
INSULIN,INSULIN DETEMIR,INSULIN DETEMIR 100UNIT/ML FLEXPIN 3 ML
INSULIN,INSULIN ISOPHANE (NPH),INSULIN DETEMIR 100UNIT/ML FLEXPIN 3 ML
INSULIN,INSULIN DETEMIR,INSULIN DETEMIR FLEXPEN
INSULIN,INSULIN DETEMIR,INSULIN DETEMIR FLEXTOUCH
INSULIN,INSULIN DETEMIR,INSULIN DETEMIR HUMAN
INSULIN,INSULIN DETEMIR,INSULIN DETEMIR HUMAN 100 UNIT/ML INJ
INSULIN,INSULIN DETEMIR,INSULIN DETEMIR INJ 100
INSULIN,INSULIN DETEMIR,INSULIN DETEMIR SOLN PEN-INJECTOR
INSULIN,INSULIN DETEMIR,INSULIN DETEMIR SOLN PEN-INJECTOR FLEXTOUCH
INSULIN,NA,INSULIN DETEMIR U-100
INSULIN,INSULIN ISOPHANE (NPH),INSULIN DETEMIT 100UNITS/ML
INSULIN,NA,INSULIN GL (SOLOSTAR LANTUS)
INSULIN,NA,INSULIN GLAGINE HUMAN
INSULIN,INSULIN GLARGINE,INSULIN GLARGIN
INSULIN,NA,INSULIN GLARGIN
INSULIN,INSULIN GLARGINE,INSULIN GLARGINE
INSULIN,NA,INSULIN GLARGINE
INSULIN,NA,INSULIN GLARGINE (LANTUS)
INSULIN,INSULIN GLARGINE,INSULIN GLARGINE (SOLOSTAR)
INSULIN,INSULIN GLARGINE,INSULIN GLARGINE 3 ML SOLOSTAR
INSULIN,INSULIN GLARGINE,INSULIN GLARGINE HUMAN
INSULIN,INSULIN GLARGINE,INSULIN GLARGINE HUMAN RECOMBIANT ANALOG 100U/ML
INSULIN,INSULIN GLARGINE,INSULIN GLARGINE INJ 100 UNIT
INSULIN,INSULIN GLARGINE,INSULIN GLARGINE PEN
INSULIN,INSULIN GLARGINE,INSULIN GLARGINE SOLASTAR
INSULIN,INSULIN GLARGINE,INSULIN GLARGINE SOLN PEN-INJECTOR
INSULIN,INSULIN GLARGINE,INSULIN GLARGINE SOLN PEN-INJECTOR 100 UNIT
INSULIN,INSULIN GLARGINE,INSULIN GLARGINE SOLOSTAR
INSULIN,INSULIN GLARGINE,INSULIN GLARGINE SOLOSTAR PEN
INSULIN,NA,INSULIN GLARGINE U-100
INSULIN,INSULIN GLARGINE,"INSULIN GLARGINE, HUM.REC.ANLOG"
INSULIN,INSULIN GLARGINE,"INSULIN GLARGINE, HUMAN"
INSULIN,INSULIN GLARGINE,"INSULIN GLARGINE, HUMAN RECOMBINANT ANALOG"
INSULIN,INSULIN GLARGINE,INSULIN GLARGINE/SOLOSTAR
INSULIN,INSULIN ISOPHANE-INSULIN REGULAR,INSULIN HUMAN
INSULIN,NA,INSULIN HUMAN
INSULIN,NA,INSULIN HUMAN (NPH/REG)
INSULIN,NA,INSULIN HUMAN 70/30
INSULIN,NA,INSULIN HUMAN 70/30 (HUMULIN/NOVOLIN)
INSULIN,INSULIN GLARGINE,INSULIN HUMAN GLARGINE
INSULIN,NA,INSULIN HUMAN NPH
INSULIN,NA,INSULIN HUMAN NPH U-100
INSULIN,INSULIN REGULAR,INSULIN HUMAN REG
INSULIN,NA,INSULIN HUMAN REG
INSULIN,INSULIN REGULAR,INSULIN HUMAN REGULAR
INSULIN,NA,INSULIN HUMAN REGULAR
INSULIN,NA,INSULIN HUMAN SEMIS
INSULIN,NA,INSULIN HUMAN ULTRA LENTE
INSULIN,INSULIN ISOPHANE-INSULIN REGULAR,INSULIN HUMULIN KWIKPEN
INSULIN,NA,INSULIN ISOPHANE REG
INSULIN,NA,INSULIN ISOPHANE REG 70-30%
INSULIN,NA,INSULIN ISOPHANE REG INJ 100UNIT
INSULIN,NA,INSULIN ISOPHAN-REGULAR
INSULIN,INSULIN LISPRO,INSULIN LISP
INSULIN,INSULIN LISPRO,INSULIN LISPRO
INSULIN,NA,INSULIN LISPRO
INSULIN,NA,INSULIN LISPRO (HUMALOG)
INSULIN,NA,INSULIN LISPRO HUMAN
INSULIN,INSULIN LISPRO,INSULIN LISPRO PEN
INSULIN,INSULIN ISOPHANE (NPH),INSULIN NOVOLIN
INSULIN,INSULIN ISOPHANE-INSULIN REGULAR,INSULIN NOVOLIN
INSULIN,NA,INSULIN NOVOLIN
INSULIN,INSULIN ISOPHANE-INSULIN REGULAR,INSULIN NOVOLIN 70/30
INSULIN,NA,INSULIN NOVOLIN 70/30
INSULIN,NA,INSULIN NOVOLIN 70/30 (NPH/REG)
INSULIN,NA,INSULIN NOVOLIN NOVO DE
INSULIN,NA,INSULIN NOVOLIN NPH
INSULIN,INSULIN ISOPHANE-INSULIN REGULAR,INSULIN NOVOLIN NPH/REG
INSULIN,NA,INSULIN NPH
INSULIN,INSULIN ISOPHANE-INSULIN REGULAR,INSULIN NPH & REG HUMAN INSULINE 70-30
INSULIN,INSULIN ISOPHANE (NPH),INSULIN NPH (HUMAN)
INSULIN,NA,INSULIN NPH (HUMAN)
INSULIN,INSULIN ISOPHANE-INSULIN REGULAR,INSULIN NPH AND REG HUMAN INSULIN 70-30
INSULIN,INSULIN ISOPHANE (NPH),INSULIN NPH HUMAN
INSULIN,NA,INSULIN NPH HUMAN
INSULIN,INSULIN REGULAR,INSULIN NPH HUMAN INJ
INSULIN,NA,INSULIN NPH HUMAN INNOLET
INSULIN,NA,INSULIN NPH HUMAN N
INSULIN,NA,INSULIN NPH HUMAN NOVOLIN
INSULIN,INSULIN ISOPHANE (NPH),INSULIN NPH HUMAN NOVOLIN N
INSULIN,NA,INSULIN NPH HUMAN NOVOLIN N
INSULIN,INSULIN REGULAR,INSULIN NPH HUMAN NOVOLIN R
INSULIN,NA,INSULIN NPH HUMAN/NOVOLIN
INSULIN,NA,INSULIN NPH HUMAN/NOVOLIN N
INSULIN,NA,INSULIN NPH INJ
INSULIN,NA,INSULIN NPH INJ-T U-100
INSULIN,INSULIN ISOPHANE-INSULIN REGULAR,INSULIN NPH ISOPHANE & REGULAR HUMAN
INSULIN,INSULIN ISOPHANE-INSULIN REGULAR,INSULIN NPH ISOPHANE & REGULAR HUMAN INJ
INSULIN,NA,INSULIN NPH REGULAR HUMAN 70/30 INJ
INSULIN,NA,INSULIN NPH U-100
INSULIN,NA,INSULIN NPH U-100 (HUMAN)
INSULIN,NA,INSULIN NPH/REG
INSULIN,NA,INSULIN NPH/REG 70/30
INSULIN,NA,INSULIN NPH/REG HUM
INSULIN,NA,INSULIN NPH-REG HUMAN
INSULIN,NA,INSULIN NPH-REGULAR
INSULIN,NA,INSULIN REG
INSULIN,NA,INSULIN REG HUMAN
INSULIN,NA,INSULIN REG HUMAN NOVOLIN R
INSULIN,NA,INSULIN REG INJ
INSULIN,NA,INSULIN REG U-100
INSULIN,NA,INSULIN REG U-100 (HUMAN)
INSULIN,NA,INSULIN REG. U-100
INSULIN,NA,INSULIN REG-HUMAN
INSULIN,NA,INSULIN REGULAR
INSULIN,INSULIN ASPART,"INSULIN, ASPART"
INSULIN,INSULIN ASPART,"INSULIN, ASPART ( NOVO FLEXPEN 3 ML )"
INSULIN,INSULIN ASPART,"INSULIN, ASPART (NOVO FLEXPEN)"
INSULIN,INSULIN ISOPHANE (NPH),"INSULIN, ASPART 100 UNIT/ML NOVO FLEXPEN 3ML"
INSULIN,INSULIN ASPART,"INSULIN, ASPART 100UN/ML NOVO FLEXPEN"
INSULIN,INSULIN ASPART,"INSULIN, ASPART 100UN/ML NOVO FLEXPEN 3ML"
INSULIN,INSULIN ASPART,"INSULIN, ASPART NOVO"
INSULIN,INSULIN ASPART,"INSULIN, ASPART NOVO FLEXPEN"
INSULIN,INSULIN ISOPHANE (NPH),"INSULIN, ASPART NOVO FLEXPEN"
INSULIN,INSULIN ASPART,"INSULIN, ASPART, HUMAN"
INSULIN,NA,"INSULIN, ASPART, HUMAN"
INSULIN,NA,"INSULIN, DETEMIR"
INSULIN,INSULIN DETEMIR,"INSULIN, DETEMIR FLEXTOUCH"
INSULIN,INSULIN DETEMIR,"INSULIN, DETEMIR, HUMAN"
INSULIN,INSULIN ISOPHANE (NPH),"INSULIN, DETEMIR, HUMAN"
INSULIN,INSULIN DETEMIR,"INSULIN, DETERMIR, HUMAN"
INSULIN,INSULIN GLARGINE,"INSULIN, GLARGINE"
INSULIN,NA,"INSULIN, GLARGINE"
INSULIN,NA,"INSULIN, GLARGINE (LANTUS)"
INSULIN,INSULIN GLARGINE,"INSULIN, GLARGINE (SOLOSTAR)"
INSULIN,INSULIN GLARGINE,"INSULIN, GLARGINE HUMAN"
INSULIN,INSULIN GLARGINE,"INSULIN, GLARGINE SOLOSTAR"
INSULIN,INSULIN GLARGINE,"INSULIN, GLARGINE, HUMAN"
INSULIN,INSULIN ISOPHANE (NPH),"INSULIN, GLARGINE, HUMAN"
INSULIN,NA,"INSULIN, GLARGINE, HUMAN"
INSULIN,INSULIN GLARGINE,"INSULIN, GLARGINE, HUMAN 100 UNIT/ML INJ"
INSULIN,INSULIN GLARGINE,"INSULIN, GLARGINE, HUMAN 100UNIT/ML"
INSULIN,INSULIN GLARGINE,"INSULIN, GLARGINE, SOLOSTAR"
INSULIN,INSULIN GLARGINE,"INSULIN, GLARGINE,HUMAN"
INSULIN,NA,"INSULIN, NOVOLIN 70/30, U-100"
INSULIN,NA,"INSULIN, NOVOLIN N"
INSULIN,NA,"INSULIN, ULTRALENTE (HUMAN)"
INSULIN,NA,"INSULIN,ASPART,HUMAN"
INSULIN,NA,"INSULIN,DETEMIR"
INSULIN,INSULIN DETEMIR,"INSULIN,DETEMIR,HUMAN"
INSULIN,NA,"INSULIN,DETEMIR,HUMAN"
INSULIN,NA,"INSULIN,GLARGINE, HUMAN"
INSULIN,INSULIN GLARGINE,"INSULIN,GLARGINE,HUMAN"
INSULIN,NA,"INSULIN,GLARGINE,HUMAN"
INSULIN,NA,"INSULIN,NPH"
INSULIN,INSULIN ASPART,INSULIN/ASPART/HUMAN
INSULIN,INSULIN DETEMIR,INSULIN/DETEMIR/HUMAN
INSULIN,NA,INSULIN/HUMAN 70/30
INSULIN,INSULIN LISPRO,IV
INSULIN,NA,LAMTUS
INSULIN,NA,LANTIS
INSULIN,NA,LANTIS INSULIN
INSULIN,INSULIN GLARGINE,LANTUS
INSULIN,NA,LANTUS
INSULIN,NA,LANTUS (GLARGINE) INSULIN
INSULIN,NA,LANTUS (GLARGINE) VI
INSULIN,NA,"LANTUS (U-100,5X3ML)"
INSULIN,NA,LANTUS (VIAL)
INSULIN,NA,LANTUS 5'S SOLOSTAR
INSULIN,NA,LANTUS CART
INSULIN,NA,LANTUS CARTRIDGE
INSULIN,INSULIN GLARGINE,LANTUS EQ PEN
INSULIN,NA,LANTUS FOR
INSULIN,INSULIN GLARGINE,LANTUS INJ
INSULIN,NA,LANTUS INJ 100U
INSULIN,INSULIN GLARGINE,LANTUS INJ SOLOSTAR
INSULIN,NA,LANTUS INJ SOLOSTAR
INSULIN,NA,LANTUS INS
INSULIN,NA,LANTUS INSULIN
INSULIN,NA,LANTUS INSULIN GLARGINE
INSULIN,NA,LANTUS INSULIN VIA
INSULIN,INSULIN GLARGINE,LANTUS INSULIN VIAL
INSULIN,NA,LANTUS OPTICLIK
INSULIN,NA,LANTUS OPTICLIK CARTRIDGE
INSULIN,NA,LANTUS SOLO
INSULIN,INSULIN GLARGINE,LANTUS SOLOS
INSULIN,INSULIN GLARGINE,LANTUS SOLOSTAR
INSULIN,INSULIN ISOPHANE (NPH),LANTUS SOLOSTAR
INSULIN,NA,LANTUS SOLOSTAR
INSULIN,NA,LANTUS SOLOSTAR DON
INSULIN,INSULIN GLARGINE,LANTUS SOLOSTAR INJ
INSULIN,NA,LANTUS SOLOSTAR INJ
INSULIN,NA,LANTUS SOLOSTAR INSULIN
INSULIN,INSULIN GLARGINE,LANTUS SOLOSTAR PEN
INSULIN,NA,LANTUS SOLOSTAR PEN
INSULIN,NA,LANTUS SOLOSTAR PEN INJ 5X3 ML
INSULIN,NA,LANTUS SOLOSTAR PEN INJ 5X3ML
INSULIN,INSULIN GLARGINE,LANTUS SOLOSTAT
INSULIN,INSULIN GLARGINE,LANTUS SOLSTAR
INSULIN,NA,LANTUS SOLSTAR DON
INSULIN,NA,LANTUS SUBCUTANE (INSULIN)
INSULIN,INSULIN GLARGINE,LANTUS U-100 INSULIN
INSULIN,NA,LANTUS U-100 INSULIN
INSULIN,NA,LANTUS U-1000 INSULIN
INSULIN,NA,LANTUS VIAL
INSULIN,NA,LANTUS/INSULIN
INSULIN,INSULIN DETEMIR,LEVEMIR
INSULIN,NA,LEVEMIR
INSULIN,NA,"LEVEMIR (5X3ML,FLEXPEN)"
INSULIN,INSULIN DETEMIR,LEVEMIR FLEXPEN
INSULIN,NA,LEVEMIR FLEXPEN
INSULIN,NA,LEVEMIR FLEXPEN PA
INSULIN,INSULIN DETEMIR,LEVEMIR FLEXTOUC
INSULIN,INSULIN DETEMIR,LEVEMIR FLEXTOUCH
INSULIN,INSULIN DETEMIR,LEVEMIR FLEXTOUCH PEN
INSULIN,NA,LEVEMIR INJ FLEXPEN
INSULIN,INSULIN DETEMIR,LEVEMIR INJ FLEXTOUC
INSULIN,NA,LEVEMIR PLEXPEN
INSULIN,NA,LEVEMIS
INSULIN,INSULIN DETEMIR,LEVIMIR
INSULIN,NA,LEVMIR
INSULIN,INSULIN LISPRO,LYUMJEV KWPN
INSULIN,NA,NOLOLIN INSULIN NPH
INSULIN,NA,NOV 70/30 INSULIN
INSULIN,NA,NOVALOG
INSULIN,INSULIN ISOPHANE-INSULIN REGULAR,NOVLIN 70/30
INSULIN,INSULIN ISOPHANE (NPH),NOVLIN N
INSULIN,INSULIN REGULAR,NOVLIN R
INSULIN,INSULIN ASPART,NOVO FLEXPEN
INSULIN,INSULIN ASPART,NOVO FLEXPEN INSULIN
INSULIN,NA,NOVOLILN 70/30
INSULIN,INSULIN ISOPHANE (NPH)-INSULIN REGULAR,NOVOLIN
INSULIN,INSULIN ISOPHANE-INSULIN REGULAR,NOVOLIN
INSULIN,NA,NOVOLIN
INSULIN,INSULIN ISOPHANE-INSULIN REGULAR,NOVOLIN 70 / 30
INSULIN,INSULIN ISOPHANE-INSULIN REGULAR,NOVOLIN 70/30
INSULIN,NA,NOVOLIN 70/30
INSULIN,NA,"NOVOLIN 70/30 (SRN,PREFILLED)"
INSULIN,NA,NOVOLIN 70/30 (VIAL)
INSULIN,NA,NOVOLIN 70/30 INJ
INSULIN,NA,NOVOLIN 70/30 INNOLET
INSULIN,NA,"NOVOLIN 70/30 INNOLET (SRN, PREFILLED)"
INSULIN,NA,NOVOLIN 70/30 INSULIN
INSULIN,NA,NOVOLIN 70/30 INSULIN IN
INSULIN,NA,NOVOLIN 70/30 PENFILL
INSULIN,NA,NOVOLIN 70/30 PENFILL (SRN)
INSULIN,NA,NOVOLIN 70/30PENFILL 70-30U/ML
INSULIN,INSULIN ISOPHANE-INSULIN REGULAR,NOVOLIN FLEXPEN
INSULIN,INSULIN ASPART,NOVOLIN INJ FLEXPEN
INSULIN,NA,NOVOLIN INSULIN
INSULIN,NA,NOVOLIN INSULIN 70/30 HUMAN
INSULIN,NA,NOVOLIN INSULIN NPH
INSULIN,NA,NOVOLIN INSULIN REG
INSULIN,NA,NOVOLIN L (VIAL)
INSULIN,INSULIN ISOPHANE (NPH),NOVOLIN N
INSULIN,NA,NOVOLIN N
INSULIN,NA,NOVOLIN N (VIAL)
INSULIN,NA,NOVOLIN N 100 UNITS/ML
INSULIN,NA,NOVOLIN N 100U/ML VIAL
INSULIN,NA,"NOVOLIN N INNOLET (SRN, PREFILLED)"
INSULIN,INSULIN ISOPHANE (NPH),NOVOLIN N INSULIN
INSULIN,NA,NOVOLIN N INSULIN
INSULIN,NA,NOVOLIN N INSULIN INJ
INSULIN,NA,NOVOLIN N PENFILL (SRN)
INSULIN,NA,NOVOLIN N U/100
INSULIN,NA,NOVOLIN N U-100
INSULIN,NA,NOVOLIN NPH
INSULIN,NA,NOVOLIN NPH INSULIN
INSULIN,NA,NOVOLIN NPH REGULAR INSULIN
INSULIN,INSULIN REGULAR,NOVOLIN R
INSULIN,NA,NOVOLIN R
INSULIN,INSULIN REGULAR,NOVOLIN R  100
INSULIN,NA,NOVOLIN R (10X10ML)
INSULIN,NA,NOVOLIN R (VIAL)
INSULIN,NA,NOVOLIN R INNOLET
INSULIN,NA,"NOVOLIN R INNOLET (SRN,PREFILLED)"
INSULIN,NA,NOVOLIN R INSULIN
INSULIN,NA,NOVOLIN R INSULIN R
INSULIN,NA,NOVOLIN R PENFILL
INSULIN,NA,NOVOLIN R PENFILL (SRN)
INSULIN,NA,NOVOLIN R U
INSULIN,INSULIN ISOPHANE (NPH)-INSULIN REGULAR,NOVOLIN70/30
INSULIN,INSULIN ISOPHANE-INSULIN REGULAR,NOVOLIN70/30
INSULIN,NA,NOVOLIN70/30
INSULIN,INSULIN ASPART,NOVOLOG
INSULIN,NA,NOVOLOG
INSULIN,NA,NOVOLOG (PENFILL CARTRIDGE)
INSULIN,NA,NOVOLOG (VIAL)
INSULIN,INSULIN ASPART,NOVOLOG 100 U/ML VIAL
INSULIN,NA,NOVOLOG 70/30
INSULIN,NA,NOVOLOG 70/30 MIX FLEXPEN
INSULIN,INSULIN ASPART,NOVOLOG EQ U-100 SUBQ PEN
INSULIN,NA,NOVOLOG FLEX
INSULIN,INSULIN ASPART,NOVOLOG FLEXPEN
INSULIN,NA,NOVOLOG FLEXPEN
INSULIN,NA,NOVOLOG FLEXPEN (PREFILLED SYRINGE)
INSULIN,NA,NOVOLOG FLEXPEN INSULIN ASPART
INSULIN,INSULIN ASPART,NOVOLOG FLEXPEN SOPN
INSULIN,INSULIN ASPART,NOVOLOG HUMAN
INSULIN,INSULIN ASPART,NOVOLOG INJ
INSULIN,INSULIN ASPART,NOVOLOG INJ FLEXPEN
INSULIN,NA,NOVOLOG INJ FLEXPEN
INSULIN,INSULIN ASPART,NOVOLOG INSULIN
INSULIN,NA,NOVOLOG INSULIN
INSULIN,INSULIN ASPART-INSULIN ASPART PROTAMINE,NOVOLOG MIX
INSULIN,NA,NOVOLOG MIX
INSULIN,INSULIN ASPART-INSULIN ASPART PROTAMINE,NOVOLOG MIX 70/30
INSULIN,NA,NOVOLOG MIX 70/30
INSULIN,NA,"NOVOLOG MIX 70/30 (FLEXPEN,SRN PREFILLED)"
INSULIN,NA,NOVOLOG MIX 70/30 (PENFILL CARTRIDGE)
INSULIN,NA,NOVOLOG MIX 70/30 (VIAL)
INSULIN,NA,NOVOLOG MIX 70/30 FLEXPEN
INSULIN,NA,NOVOLOG MIX 70/30 FLEXPEN SYRINGE
INSULIN,NA,NOVOLOG MIX FLEXPEN
INSULIN,NA,NOVOLOG MIX FPEN
INSULIN,INSULIN ASPART-INSULIN ASPART PROTAMINE,NOVOLOG MIX INJ FLEXPEN
INSULIN,INSULIN ASPART,NOVOLOG PEN
INSULIN,NA,NOVOLOG PEN
INSULIN,NA,NOVOLOG PENFILL
INSULIN,NA,NPH (HUMAN) INSULIN
INSULIN,NA,NPH (HUMAN) U-100 INSULIN
INSULIN,NA,NPH INSULIN
INSULIN,NA,REGULAR NPH INSULIN
INSULIN,NA,RELION HUMULIN
INSULIN,NA,RELION HUMULIN N U
INSULIN,NA,RELION HUMULIN R U
INSULIN,NA,RELION/NOVO
INSULIN,NA,RELION/NOVO N
INSULIN,NA,RELION/NOVO R
INSULIN,NA,RELION/NOVOLIN 70/30 (VIAL)
INSULIN,NA,RELION/NOVOLIN N (VIAL)
INSULIN,NA,RELION/NOVOLIN R
INSULIN,NA,RELION/NOVOLIN R (VIAL)
INSULIN,INSULIN GLARGINE,SEMGLEE
INSULIN,INSULIN GLARGINE,SEMGLEE SOL
INSULIN,INSULIN GLARGINE,SOLOSTA
INSULIN,INSULIN GLARGINE,SOLOSTA GLARGINE
INSULIN,INSULIN GLARGINE,SOLOSTAR
INSULIN,INSULIN ISOPHANE (NPH),SOLOSTAR
INSULIN,INSULIN ISOPHANE (NPH),TECHLITE 25G
INSULIN,INSULIN GLARGINE,TOUJEO MAX
INSULIN,INSULIN GLARGINE,TOUJEO MAX SOLOSTAR
INSULIN,INSULIN GLARGINE,TOUJEO SOLO
INSULIN,INSULIN GLARGINE,TOUJEO SOLO INJ
INSULIN,INSULIN GLARGINE,TOUJEO SOLO INJ 300IU
INSULIN,INSULIN GLARGINE,TOUJEO SOLO INJ2
INSULIN,INSULIN GLARGINE,TOUJEO SOLOSTAR
INSULIN,NA,TRACHEOSTOMY
INSULIN,INSULIN DEGLUDEC,TRESIBA
INSULIN,INSULIN DEGLUDEC,TRESIBA FLEX
INSULIN,INSULIN DEGLUDEC,TRESIBA FLEX 200UNIT
INSULIN,INSULIN DEGLUDEC,TRESIBA FLEX INJ 100UNIT
INSULIN,INSULIN DEGLUDEC,TRESIBA FLEXTOU
INSULIN,INSULIN DEGLUDEC,TRESIBA FLEXTOUCH
INSULIN,NA,V-R SYR
MEGLITINIDES,NA,"MINOXIDIL, TOPICAL"
MEGLITINIDES,NA,NATEGLINIDE
MEGLITINIDES,NA,PRANDIN
MEGLITINIDES,NA,REPAGLINIDE
MEGLITINIDES,NA,STARLIX
NA,NA,NA
SGLT-2 INHIBITORS,CANAGLIFLOZIN,CANAGLIFLOZIN
SGLT-2 INHIBITORS,EMPAGLIFLOZIN,EMPAGLIFLOZIN
SGLT-2 INHIBITORS,DAPAGLIFLOZIN,FARXIGA
SGLT-2 INHIBITORS,DAPAGLIFLOZIN,FARXIGA TAB
SGLT-2 INHIBITORS,CANAGLIFLOZIN,INVOKANA
SGLT-2 INHIBITORS,CANAGLIFLOZIN,INVOKANA 300 MG
SGLT-2 INHIBITORS,CANAGLIFLOZIN,INVOKANA TAB
SGLT-2 INHIBITORS,EMPAGLIFLOZIN,JARDIANCE
SGLT-2 INHIBITORS,EMPAGLIFLOZIN,JARDIANCE TAB
SGLT-2 INHIBITORS,SGLT-2 INHIBITORS,SGLT-2 INHIBITORS
SGLT-2 INHIBITORS,ERTUGLIFLOZIN,STEGLATRO
SULFONYLUREAS,GLIPIZIDE,1 GLIPIZIDE ER
SULFONYLUREAS,GLIMEPIRIDE,AMARYL
SULFONYLUREAS,NA,AMARYL
SULFONYLUREAS,NA,AMARYL (GEN)
SULFONYLUREAS,NA,CHLORPROPAMIDE
SULFONYLUREAS,GLYBURIDE,DIABETA
SULFONYLUREAS,NA,DIABETA
SULFONYLUREAS,NA,FLUCOVANCE
SULFONYLUREAS,NA,GILPIZIDE
SULFONYLUREAS,GLIMEPIRIDE,GLIMEPERIDE
SULFONYLUREAS,NA,GLIMEPERIDE
SULFONYLUREAS,GLIMEPIRIDE,GLIMEPIRIDE
SULFONYLUREAS,NA,GLIMEPIRIDE
SULFONYLUREAS,NA,GLIMEPIRIDE (AMARYL)
SULFONYLUREAS,GLIMEPIRIDE,GLIMEPIRIDE TAB
SULFONYLUREAS,NA,GLIMEPIRIDE;
SULFONYLUREAS,GLIMEPIRIDE,GLIMEPRIDE
SULFONYLUREAS,NA,GLIMEPRIDE
SULFONYLUREAS,NA,GLIMEPRIDIE
SULFONYLUREAS,NA,GLIMEPRIRIDE
SULFONYLUREAS,NA,GLIMERPIRIDE
SULFONYLUREAS,NA,GLIMERPRIRIDE
SULFONYLUREAS,NA,GLIMPERIDE
SULFONYLUREAS,GLIMEPIRIDE,GLIMPIRIDE
SULFONYLUREAS,NA,GLIMPIRIDE
SULFONYLUREAS,NA,GLIMPIRIRDE
SULFONYLUREAS,GLIPIZIDE,GLIPIZIDE
SULFONYLUREAS,GLYBURIDE,GLIPIZIDE
SULFONYLUREAS,NA,GLIPIZIDE
SULFONYLUREAS,NA,GLIPIZIDE  ER
SULFONYLUREAS,NA,GLIPIZIDE (FILM-COATED)
SULFONYLUREAS,NA,GLIPIZIDE (GLUCOTROL XL)
SULFONYLUREAS,NA,GLIPIZIDE (GLUCOTROL)
SULFONYLUREAS,NA,GLIPIZIDE (USP)
SULFONYLUREAS,NA,"GLIPIZIDE (USP,FILM-COATED)"
SULFONYLUREAS,NA,GLIPIZIDE *EXT REL*
SULFONYLUREAS,GLIPIZIDE,GLIPIZIDE ER
SULFONYLUREAS,NA,GLIPIZIDE ER
SULFONYLUREAS,NA,GLIPIZIDE ER 10 MG
SULFONYLUREAS,NA,GLIPIZIDE ER 10MG
SULFONYLUREAS,GLIPIZIDE,GLIPIZIDE ER 24
SULFONYLUREAS,GLIPIZIDE,GLIPIZIDE ER 24HR
SULFONYLUREAS,NA,GLIPIZIDE ER 5MG
SULFONYLUREAS,NA,GLIPIZIDE EXTENDED RELEASE
SULFONYLUREAS,GLIPIZIDE,GLIPIZIDE SA
SULFONYLUREAS,NA,GLIPIZIDE SR 24HR
SULFONYLUREAS,GLIPIZIDE,GLIPIZIDE TAB
SULFONYLUREAS,GLIPIZIDE,GLIPIZIDE TAB 10 MG
SULFONYLUREAS,GLIPIZIDE,GLIPIZIDE TAB 5 MG
SULFONYLUREAS,GLIPIZIDE,GLIPIZIDE TAB ER 24 HR
SULFONYLUREAS,GLIPIZIDE,GLIPIZIDE X1
SULFONYLUREAS,GLIPIZIDE,GLIPIZIDE XL
SULFONYLUREAS,NA,GLIPIZIDE XL
SULFONYLUREAS,GLIPIZIDE,GLIPIZIDE X-L
SULFONYLUREAS,NA,GLIPIZIDE XL (NYM)
SULFONYLUREAS,GLIPIZIDE,GLIPIZIDE XL 10
SULFONYLUREAS,GLIPIZIDE,GLIPIZIDE XL 24HR
SULFONYLUREAS,GLIPIZIDE,GLIPIZIDE XL TAB
SULFONYLUREAS,GLIPIZIDE,GLIPIZIDE XL TB 21
SULFONYLUREAS,GLIPIZIDE,GLIPIZIDE XL TB 24
SULFONYLUREAS,GLIPIZIDE,GLIPIZINE
SULFONYLUREAS,GLIPIZIDE,GLIPLZIDE
SULFONYLUREAS,NA,GLIPZIDE
SULFONYLUREAS,NA,GLIPZIDE ER
SULFONYLUREAS,NA,GLIZIDE XL
SULFONYLUREAS,GLIPIZIDE,GLLIPIZIDE ER
SULFONYLUREAS,NA,GLUCATROL XL
SULFONYLUREAS,NA,GLUCOTROL
SULFONYLUREAS,NA,GLUCOTROL (DYE-FREE)
SULFONYLUREAS,GLIPIZIDE,GLUCOTROL XL
SULFONYLUREAS,NA,GLUCOTROL XL
SULFONYLUREAS,NA,GLUCOVANCE
SULFONYLUREAS,NA,GLUCOVANCE (CAPLET)
SULFONYLUREAS,NA,GLUCOVANT 500
SULFONYLUREAS,NA,GLYBRIDE
SULFONYLUREAS,NA,GLYBURDIE
SULFONYLUREAS,GLYBURIDE,GLYBURID MCR
SULFONYLUREAS,NA,GLYBURID MCR
SULFONYLUREAS,GLYBURIDE,GLYBURIDE
SULFONYLUREAS,NA,GLYBURIDE
SULFONYLUREAS,NA,GLYBURIDE (MICRO)
SULFONYLUREAS,NA,GLYBURIDE (MICRONASE)
SULFONYLUREAS,NA,GLYBURIDE (MICRONASE/DIABETA)
SULFONYLUREAS,NA,GLYBURIDE (UNIT OF USE)
SULFONYLUREAS,NA,GLYBURIDE 5MG TABLETS
SULFONYLUREAS,NA,GLYBURIDE MCR
SULFONYLUREAS,NA,GLYBURIDE MICRO
SULFONYLUREAS,NA,GLYBURIDE MICRO (GLYNASE OR SUB)
SULFONYLUREAS,NA,GLYBURIDE MICRONIZED
SULFONYLUREAS,GLYBURIDE,GLYBURIDE TAB
SULFONYLUREAS,NA,"GLYBURIDE TAB 5MG,CAJ"
SULFONYLUREAS,NA,"GLYBURIDE, MICRONIZED"
SULFONYLUREAS,NA,GLYDURIDE
SULFONYLUREAS,NA,GLYNASE
SULFONYLUREAS,NA,GLYNASE PRES-TAB
SULFONYLUREAS,NA,GYLBURIDE
SULFONYLUREAS,GLIMEPIRIDE,KGC
SULFONYLUREAS,NA,MEDISENSE
SULFONYLUREAS,NA,MICRONASE
SULFONYLUREAS,NA,MICRONASE (UNIT OF USE)
SULFONYLUREAS,NA,SHOE (DIABETIC)
SULFONYLUREAS,NA,TOLAZAMIDE
SULFONYLUREAS,NA,TOLBUTAMIDE
THIAZOLIDINEDIONES,NA,ACOTS
THIAZOLIDINEDIONES,NA,ACTOS
THIAZOLIDINEDIONES,PIOGLITAZONE,ACTOS
THIAZOLIDINEDIONES,NA,ACTOS 15MG TABLETS
THIAZOLIDINEDIONES,NA,ACTOS 30MG TABLETS
THIAZOLIDINEDIONES,NA,ACTUS
THIAZOLIDINEDIONES,NA,AVANDIA
THIAZOLIDINEDIONES,NA,AVANDIA (FILM-COATED TILTAB)
THIAZOLIDINEDIONES,NA,AVANDIA (FILM-COATED)
THIAZOLIDINEDIONES,NA,"AVANDIA (FILM-COATED, TILTAB)"
THIAZOLIDINEDIONES,NA,COSMETIC
THIAZOLIDINEDIONES,NA,N/F ROSIGLITAZONE MALEATE
THIAZOLIDINEDIONES,PIOGLITAZONE,PIGLITAZONE
THIAZOLIDINEDIONES,NA,PIOGLITAZONE
THIAZOLIDINEDIONES,PIOGLITAZONE,PIOGLITAZONE
THIAZOLIDINEDIONES,NA,PIOGLITAZONE (ACTOS)
THIAZOLIDINEDIONES,PIOGLITAZONE,PIOGLITAZONE HCI
THIAZOLIDINEDIONES,NA,PIOGLITAZONE HCL
THIAZOLIDINEDIONES,PIOGLITAZONE,PIOGLITAZONE HCL
THIAZOLIDINEDIONES,PIOGLITAZONE,PIOGLITAZONE HCL TAB
THIAZOLIDINEDIONES,NA,ROSIGLITAZON
THIAZOLIDINEDIONES,NA,ROSIGLITAZONE
THIAZOLIDINEDIONES,NA,ROSIGLITAZONE (AVANDIA)
THIAZOLIDINEDIONES,NA,ROSIGLITAZONE MALEATE
